Code,Name,Currency,Market Cap,Price, Change,Change %
4BB,4BASEBIO PLC ORD EUR1.00,GBX,86.24,550,-5,-0.90%
80M,80 MILE PLC ORD 0.01P,GBX,49.06,1.06,0.08,8.16%
88E,88 ENERGY LIMITED ORD NPV (DI),GBX,13.89,1.15,-0.05,-4.17%
AAU,ARIANA RESOURCES PLC ORD 0.1P,GBX,49.8,1.88,-,-
AAZ,ANGLO ASIAN MINING PLC ORD 1P,GBX,334.45,292.5,-,-
ABDP,AB DYNAMICS PLC ORD 1P,GBX,298.41,"1,300.00",-,-
ABDX,ABINGDON HEALTH PLC ORD 0.025P,GBX,16.95,6.75,-,-
ACRM,ACUITY RM GROUP PLC ORD 0.1P,GBX,2.04,0.85,-,-
ACSO,ACCESSO TECHNOLOGY GROUP PLC ORD 1P,GBX,109.01,286,-,-
ADF,FACILITIES BY ADF PLC ORD 1P,GBX,17.52,16.25,-,-
ADVT,ADVANCEDADVT LIMITED ORD NPV (DI),GBX,205.69,150,-,-
AEG,ACTIVE ENERGY GROUP PLC ORD GBP0.00035,GBX,3.65,0.1,-,-
AEO,AEOREMA COMMUNICATIONS PLC ORD 12.5P,GBX,6.07,63.5,-,-
AET,AFENTRA PLC ORD 10P,GBX,121.22,55,1.4,2.61%
AFC,AFC ENERGY PLC ORD 0.1P,GBX,168.14,14.34,-0.5,-3.37%
AFRN,AFERIAN PLC ORD 1P,GBX,0.89,0.8,-,-
AIEA,AIREA PLC ORD 25P,GBX,8.06,19.5,-,-
ALBA,ALBA MINERAL RESOURCES PLC ORD 0.01P,GBX,4.86,0.02,0,-2.04%
ALL,ATLANTIC LITHIUM LIMITED ORD NPV (DI),GBX,134.77,19.4,1.4,7.78%
ALT,ALTITUDE GROUP PLC ORD 0.4P,GBX,16.8,22.5,-0.5,-2.17%
ALU,ALUMASC GROUP PLC ORD 12.5P,GBX,102.98,285,-,-
AMCO,AMCOMRI GROUP PLC ORD GBP0.01,GBX,82.78,114,-1,-0.87%
AMP,AMPEAK ENERGY LIMITED ORD NPV (DI),GBX,22.47,3.1,-,-
AMRQ,AMAROQ LTD. COM SHS NPV (DI),GBX,505.38,111.5,2.5,2.29%
AMS,ADVANCED MEDICAL SOLUTIONS GRP PLC ORD 5P,GBX,466.62,213.5,1,0.47%
ANCR,ANIMALCARE GROUP PLC ORD 20P,GBX,191.95,277,-1,-0.36%
ANG,ANGLING DIRECT PLC ORD 1P,GBX,36.14,49.5,-,-
ANIC,AGRONOMICS LIMITED ORD 0.0001P,GBX,65.51,6.2,-,-
ANP,ANPARIO PLC ORD 23P,GBX,116.37,565,-,-
AOM,ACTIVEOPS PLC ORD 0.1P,GBX,190.03,264,-2,-0.75%
AOTI,"AOTI, INC. COM SHS USD0.00001 (DI)",GBX,39.35,32.5,-4.5,-12.16%
APTA,APTAMER GROUP PLC ORD 0.1P,GBX,26.3,1,0.03,2.56%
ARBB,ARBUTHNOT BANKING GROUP PLC ORD 1P,GBX,141.23,880,7.5,0.86%
ARC,ARCONTECH GROUP PLC ORD GBP0.125,GBX,10.97,82,-,-
ARCM,ARC MINERALS LD ORDS NPV (DI),GBX,8.69,0.6,-,-
AREC,ARECOR THERAPEUTICS PLC ORD GBP0.01,GBX,27.37,72.5,-,-
ARK,ARKLE RESOURCES PLC ORD EUR0.0025 (CDI),GBX,7.27,0.51,0.01,2.02%
ARS,ASIAMET RESOURCES LD COM SHS USD0.01 (DI),GBX,56.85,1.68,-,-
ART,THE ARTISANAL SPIRITS COMPANY PLC ORD 0.25P,GBX,23.72,33.5,-,-
AST,ASCENT RESOURCES PLC ORD 0.5P,GBX,3.65,0.5,0.05,11.11%
ATM,ANDRADA MINING LIMITED ORD NPV,GBX,74.25,3.8,-,-
ATOM,ATOME PLC ORD 0.2P,GBX,32.62,62,-2,-3.13%
AURA,AURA ENERGY LIMITED ORD NPV (DI),GBX,76.46,7.5,-,-
AURR,AURRIGO INTERNATIONAL PLC ORD GBP0.002,GBX,78.2,87.5,-,-
AUTG,AUTINS GROUP PLC ORD GBP0.02,GBX,4.64,8.5,-,-
AVCT,AVACTA GROUP PLC ORD 10P,GBX,255.44,58,-,-
AVG,AVINGTRANS PLC ORD 5P,GBX,191.3,575,-,-
AXL,ARROW EXPLORATION CORP. COM SHS NPV (CDI),GBX,49.31,17.25,-,-
AXS,ACCSYS TECHNOLOGIES PLC ORD EUR0.05,GBX,153.09,62.9,-,-
AYM,ANGLESEY MINING PLC ORD 1P,GBX,2.18,4.5,-,-
B90,B90 HOLDINGS PLC ORD NPV,GBX,14.77,3.35,-,-
BANK,FIINU PLC ORD 10P,GBX,33.37,8.38,-,-
BBSN,BRAVE BISON GROUP PLC ORD 2P,GBX,79.93,78,-,-
BEM,BEOWULF MINING PLC ORD 5P,GBX,5.2,8.5,-,-
BGO,BANGO PLC ORD 20P,GBX,59.66,77.5,-,-
BHL,BRADDA HEAD LITHIUM LIMITED ORD NPV (DI),GBX,5.86,1.5,-,-
BIG,BIG TECHNOLOGIES PLC ORD GBP0.01,GBX,329.98,112,0.5,0.45%
BILN,BILLINGTON HOLDINGS PLC ORD 10P,GBX,52.05,392.5,-,-
BIRD,BLACKBIRD PLC ORD 0.8P,GBX,10.81,2.3,0.05,2.22%
BKS,BEEKS FINANCIAL CLOUD GROUP PLC ORD GBP0.00125,GBX,140.09,207,2,0.98%
BLOE,BLOCK ENERGY PLC ORD SHS GBP0.0025,GBX,10.92,1.08,-,-
BLU,BLUE STAR CAPITAL PLC ORD 0.1P,GBX,4.4,9.25,-,-
BMT,BRAIME GROUP PLC 'A'NON.V ORD 25P,GBX,8.16,850,-,-
BOD,BOTSWANA DIAMONDS PLC ORD 0.25P,GBX,2.34,0.2,-,-
BOKU,"BOKU, INC. CMN SHS USD0.0001 (DI) REG S CAT 3/144A",GBX,580.47,193.5,-4.5,-2.27%
BOOM,AUDIOBOOM GROUP PLC ORD SHS NPV,GBX,107.91,600,-,-
BOR,BORDERS & SOUTHERN PETROLEUM PLC ORD 1P,GBX,85.29,9.7,-,-
BOW,BOW STREET GROUP PLC ORD 0.1P,GBX,9.61,0.43,-,-
BPM,B.P. MARSH & PARTNERS PLC ORD 10P,GBX,241.41,670,-,-
BRCK,BRCK GROUP PLC ORD GBP0.01,GBX,163.01,51,0.4,0.79%
BTG,BTG CONSULTING PLC ORD 5P,GBX,189.9,118,-,-
BUC,BUILT CYBERNETICS PLC ORD 1P,GBX,8.18,2.3,-,-
BUCE,BUCCANEER ENERGY PLC ORD 0.01P,GBX,1.36,0.01,-,-
BUR,BURFORD CAPITAL LIMITED ORD NPV (DI),GBX,"1,556.36",714,3,0.42%
BVXP,BIOVENTIX PLC ORD 5P,GBX,86.21,"1,650.00",-,-
BZT,BEZANT RESOURCES PLC ORD 0.002P,GBX,19.05,0.11,-,-
CAM,CAMELLIA PLC ORD 10P,GBX,126.14,"5,000.00",10,0.20%
CAML,CENTRAL ASIA METALS PLC ORD USD0.01,GBX,401.97,230.5,4.5,1.99%
CAV,CAVENDISH PLC ORD 1P,GBX,41.04,10.35,-0.25,-2.36%
CBOX,CAKE BOX HOLDINGS PLC ORD GBP0.01,GBX,86.9,197.5,-,-
CCT,THE CHARACTER GROUP PLC ORD 5P,GBX,43.49,247,-,-
CDGP,CHAPEL DOWN GROUP PLC ORD 5P,GBX,61.75,36,-,-
CEPS,CEPS PLC ORD 0.3P,GBX,8.19,39,-,-
CER,CERILLION PLC ORD 0.5P,GBX,457.88,"1,565.00",15,0.97%
CFX,COLEFAX GROUP PLC ORD 10P,GBX,59.05,"1,130.00",-,-
CGNR,CONROY GOLD & NATURAL RESOURCES PLC ORD EUR0.001 (CDI),GBX,11.73,15.25,-,-
CHAR,CHARIOT LIMITED ORD 1P,GBX,21.78,1.36,-0.02,-1.45%
CHH,CHURCHILL CHINA PLC ORD 10P,GBX,44.65,400,-6,-1.48%
CHP,CALEDONIAN HOLDINGS PLC ORD 0.001P,GBX,4.55,0,-,-
CHRT,COHORT PLC ORD 10P,GBX,569.44,"1,212.00",-,-
CIC,CONYGAR INVESTMENT COMPANY PLC ORD 5P,GBX,18.19,30.5,-,-
CKT,CHECKIT PLC ORD 5P,GBX,19.44,18,-,-
CLA,CELSIUS RESOURCES LIMITED ORD NPV (DI),GBX,31.68,1.05,0.08,7.69%
CLBS,CELEBRUS TECHNOLOGIES PLC ORD 2P,GBX,51.69,131.5,-,-
CLBX,CELLBXHEALTH PLC ORD 0.05P,GBX,11.96,1.05,-,-
CLCO,CLOUDCOCO GROUP PLC ORD 1P,GBX,0.81,0.12,-,-
CLON,CLONTARF ENERGY PLC ORD 0.01P,GBX,1.88,0.02,-,-
CLX,CALNEX SOLUTIONS PLC ORD GBP0.00125,GBX,47.74,53.5,-0.75,-1.38%
CMCL,CALEDONIA MINING CORP PLC COM SHS NPV (DI),GBX,416.98,"2,190.00",30,1.39%
CMET,CAPITAL METALS PLC ORD 0.2P,GBX,24.35,4.95,-,-
CML,CML MICROSYSTEMS PLC ORD 5P,GBX,39.85,240,-,-
CNC,CONCURRENT TECHNOLOGIES PLC ORD 1P,GBX,231.83,266,-0.5,-0.19%
CNS,CORERO NETWORK SECURITY PLC ORD 1P,GBX,66.58,13,-,-
CNSL,CAMBRIDGE NUTRITIONAL SCIENCES PLC ORD 4P,GBX,4.76,2,-,-
CODE,NORTHCODERS GROUP PLC ORD GBP0.01,GBX,2.4,30,-,-
COG,CAMBRIDGE COGNITION HOLDINGS PLC ORD 1P,GBX,20.28,43.5,-,-
COM,COMPTOIR GROUP PLC ORD 1P,GBX,7.97,6.5,-,-
CORA,CORA GOLD LIMITED ORD NPV (DI),GBX,48.97,9.75,-,-
CORO,CORO ENERGY PLC ORD 1P,GBX,3.87,3.6,-,-
CPH2,CLEAN POWER HYDROGEN PLC ORD GBP0.01,GBX,22.59,4.5,-,-
CPP,CPPGROUP PLC ORD GBP1.00,GBX,6.82,74.25,-,-
CPX,CAP-XX LD ORD NPV,GBX,13.91,0.24,-0.01,-2.08%
CRCL,CORCEL PLC ORD 0.01P,GBX,29.8,0.37,0.02,4.29%
CRDL,CORDEL GROUP PLC ORD 1P,GBX,9.87,4.55,-,-
CREO,CREO MEDICAL GROUP PLC ORD GBP0.001,GBX,68.06,16.5,-,-
CRL,CREIGHTONS PLC ORD 1P,GBX,19.87,29,-,-
CRPR,CROPPER(JAMES) PLC ORD 25P,GBX,33.44,350,-,-
CRS,CRYSTAL AMBER FUND LD ORD 1P,GBX,74.75,125,-,-
CRTA,CIRATA PLC ORD 10P,GBX,22.13,17.95,0.45,2.57%
CRTX,CRISM THERAPEUTICS CORPORATION ORD NPV,GBX,8.92,15.75,-1.5,-8.70%
CRU,CORAL PRODUCTS PLC ORD 1P,GBX,8.33,9.38,-,-
CRW,CRANEWARE PLC ORD 1P,GBX,514.88,"1,420.00",-30,-2.07%
CSC,CHESTERFIELD SPECIAL CYLINDERS HOLD ORD 5P,GBX,19.72,51,-,-
CSSG,CROMA SECURITY SOLUTIONS GROUP PLC ORD 5P,GBX,10.05,73,-,-
CTA,CT AUTOMOTIVE GROUP PLC ORD GBP0.005,GBX,19.14,26,-,-
CTAI,CATENAI PLC ORD GBP0.0001,GBX,3.58,0.25,-,-
CTG,CHRISTIE GROUP PLC ORD 2P,GBX,37.14,140,-,-
CTL,CLEANTECH LITHIUM PLC ORD GBP0.02,GBX,18.67,9.2,-,-
CYAN,CYANCONNODE HOLDINGS PLC ORD 2P,GBX,30.52,8.5,-,-
DATA,GLOBALDATA PLC ORD 1/100P,GBX,642.12,84.8,-,-
DBOX,DIGITALBOX PLC ORD 1P,GBX,5.01,4.25,-,-
DCI,DCI ADVISORS LTD ORD NPV,GBX,42.52,4.7,-,-
DCTA,DIRECTA PLUS PLC ORD 0.25P,GBX,13.57,13,-,-
DEBS,BOOHOO GROUP PLC ORD 1P,GBX,272.51,20,0.5,2.56%
DELT,DELTIC ENERGY PLC ORD 10P,GBX,3.26,3.5,-,-
DFCH,DISTRIBUTION FINANCE CAPITAL HOLDIN ORD 1P,GBX,110.04,66,-,-
DIAL,DIALES GROUP PLC ORD 0.4P,GBX,13.69,26,-,-
DIS,DISTIL PLC ORD 0.1P,GBX,2.24,0.11,-,-
DKL,DEKEL AGRI-VISION PLC ORD EUR0.0003367 (DI),GBX,5.11,0.43,-,-
DNM,DIANOMI PLC ORD GBP0.002,GBX,4.05,13.5,-,-
DOTD,DOTDIGITAL GROUP PLC ORD 0.5P,GBX,180.13,59.4,-,-
DPP,DP POLAND PLC ORD 0.5P,GBX,71.98,7.63,-,-
DSG,DILLISTONE GROUP PLC ORD 5P,GBX,2.5,12.25,-,-
DSW,DSW CAPITAL PLC ORD 0.25P,GBX,14.45,57.5,-,-
DUKE,DUKE CAPITAL LIMITED ORDS NPV,GBX,140.2,27.5,-,-
DXRX,DIACEUTICS PLC ORD GBP0.002,GBX,127.38,150,-,-
EAAS,EENERGY GROUP PLC ORD 0.3P,GBX,24.2,5.9,-0.35,-5.60%
EAH,ECO ANIMAL HEALTH GROUP PLC ORD 5P,GBX,69.79,102.5,-0.5,-0.49%
EARN,EARNZ PLC ORD GBP0.04,GBX,7.36,5.5,-,-
EBQ,EBIQUITY PLC ORD 25P,GBX,17.72,12.75,-,-
ECO,ECO (ATLANTIC) OIL & GAS LTD COM SHS NPV (DI),GBX,121.36,39,0.5,1.30%
ECOB,ECO BUILDINGS GROUP PLC ORD 1P,GBX,18.64,15.35,-,-
ECR,ECR MINERALS PLC ORD 0.001P,GBX,8.56,0.25,-0.01,-3.85%
EDEN,EDEN RESEARCH PLC ORD 1P,GBX,24.23,3.95,-,-
EEE,EMPIRE METALS LD ORD NPV (DI),GBX,253.79,35.2,-0.5,-1.40%
EGT,EUROPEAN GREEN TRANSITION PLC ORD 0.25P,GBX,8.32,5.75,-,-
EKF,EKF DIAGNOSTICS HOLDINGS PLC ORD 1P,GBX,113.61,26.5,0.2,0.76%
ELCO,ELECO PUBLIC LIMITED COMPANY ORD 1P,GBX,120.32,144,1,0.70%
EMAN,EVERYMAN MEDIA GROUP PLC ORD 10P,GBX,22.34,24.5,-,-
EME,EMPYREAN ENERGY PLC ORD 0.01P,GBX,4.15,0.09,0.02,20.69%
EMH,EUROPEAN METALS HOLDINGS LIMITED ORD NPV (DI),GBX,39.2,16.5,-,-
EML,EMMERSON PLC ORD NPV,GBX,32.35,2.6,0.1,4.00%
EMR,EMPRESARIA GROUP PLC ORD 5P,GBX,11.72,23.5,-,-
EMVC,EMV CAPITAL PLC ORD 5P,GBX,15.8,56.5,-,-
ENET,ETHERNITY NETWORKS LD ORD NPV (DI),GBX,0.71,0,-,-
ENSI,ENSILICA PLC ORD 0.1P,GBX,47.33,49.5,0.5,1.02%
ENW,ENWELL ENERGY PLC ORD 5P,GBX,50.5,15.75,-,-
EOG,EUROPA OIL & GAS (HOLDINGS) PLC ORD 1P,GBX,16.02,1.58,-0.08,-4.55%
EPP,ENERGYPATHWAYS PLC ORD GBP0.01,GBX,15.54,7,0.1,1.45%
EQT,EQTEC PLC ORD EUR0.0001 (CDI),GBX,3.28,0.05,0.01,15.85%
ESO,EPE SPECIAL OPPORTUNITIES LD ORD 5P (DI),GBX,47.76,180,-,-
ESYS,ESSENSYS PLC ORD 0.25P,GBX,11.67,17.75,-0.25,-1.39%
EUA,EURASIA MINING PLC ORD 0.1P,GBX,104.78,3.5,-0.05,-1.41%
EVPL,EVERPLAY GROUP PLC ORD GBP0.01,GBX,439,298,-3,-1.00%
EXR,ENGAGE XR HOLDINGS PLC ORD EUR0.001 (CDI),GBX,1.57,0.3,-,-
EYE,EAGLE EYE SOLUTIONS GROUP PLC ORD 1P,GBX,113.09,378,-,-
FAB,FUSION ANTIBODIES PLC ORD 4P,GBX,17.66,14,-0.13,-0.89%
FARN,FARON PHARMACEUTICALS OY ORD NPV (DI),GBX,57.89,50,-,-
FDBK,FEEDBACK PLC ORD 1P,GBX,5.48,12.5,-,-
FDEV,FRONTIER DEVELOPMENTS PLC ORD 0.5P,GBX,150.43,409.5,2.5,0.61%
FDR,FIRST DEVELOPMENT RESOURCES PLC ORD 1P,GBX,3.41,2.4,-0.05,-2.04%
FEN,FRENKEL TOPPING GROUP PLC ORD 0.5P,GBX,62.09,48.5,-,-
FEVR,FEVERTREE DRINKS PLC ORD 0.25P,GBX,"1,100.46",951,-1,-0.11%
FIH,FIH GROUP PLC ORD 10P,GBX,30.92,247,-,-
FIN,FINSETA PLC ORD 1P,GBX,8.34,14.25,0.25,1.79%
FIPP,FRONTIER IP GROUP PLC ORD 10P,GBX,8.89,11.75,-,-
FKE,FISKE PLC ORD 25P,GBX,8.16,69,-,-
FLO,FLOWTECH FLUIDPOWER PLC ORD 5P,GBX,46.34,59,2.1,3.69%
FMET,FULCRUM METALS PLC ORD 1P,GBX,15.21,11.25,0.25,2.27%
FNTL,FINTEL PLC ORD GBP0.01,GBX,237.56,226,-2,-0.88%
FNX,FONIX PLC ORD 0.1P,GBX,168.97,173.5,3,1.76%
FOG,FALCON OIL & GAS LTD. COM SHS NPV (DI),GBX,157.5,13.9,-0.3,-2.11%
FOX,FOCUS XPLORE PLC ORD GBP0.0001,GBX,0.96,0.03,-,-
FPO,FIRST PROPERTY GROUP PLC ORD 1P,GBX,24.76,16.75,-,-
FRAN,FRANCHISE BRANDS PLC ORD 0.5P,GBX,251.92,130,-,-
FRG,FIRERING STRATEGIC MINERALS PLC ORD EUR0.001 (DI),GBX,4.89,1.3,0.08,6.12%
FRP,FRP ADVISORY GROUP PLC ORD 0.1P,GBX,332.97,127,-1.5,-1.17%
FTC,FILTRONIC PLC ORD 0.1P,GBX,442.08,199,-2,-1.00%
FUM,FUTURA MEDICAL PLC ORD 0.2P,GBX,7.32,1.25,-0.01,-0.79%
G4M,GEAR4MUSIC (HOLDINGS) PLC ORD 10P,GBX,59.99,286,-,-
GAL,GALANTAS GOLD CORPORATION COM SHS NPV,GBX,98.66,22,0.5,2.33%
GATC,GATTACA PLC ORD 1P,GBX,38.29,121.5,-,-
GCM,GCM RESOURCES PLC ORD 1P,GBX,32.22,8.45,-0.3,-3.43%
GDP,GOLDPLAT PLC ORD 1P,GBX,20.92,12.5,0.25,2.04%
GDR,GENEDRIVE PLC ORD 0.015P,GBX,11.44,1.03,-0.03,-2.38%
GELN,GELION PLC ORD 0.1P,GBX,41.87,18.25,-,-
GEM,GEMFIELDS GROUP LD ORD USD0.00001,GBX,90.52,5.25,-,-
GENI,GENINCODE PLC ORD 1P,GBX,7.91,1.05,-,-
GEO,GEO EXPLORATION LIMITED ORD NPV,GBX,7.18,0.12,-0.01,-4.08%
GETB,GETBUSY PLC ORD 0.15P,GBX,37.26,73.5,-,-
GFIN,GFINITY PLC ORD 0.01P,GBX,1.59,0.03,0,9.84%
GFM,GRIFFIN MINING LD ORD $0.01,GBX,578.33,335,7.5,2.29%
GGP,GREATLAND RESOURCES LIMITED ORD NPV (DI),GBX,"4,560.96",709.8,32,4.72%
GHH,GOOCH & HOUSEGO PLC ORD 20P,GBX,205.28,758,8,1.07%
GLR,GALILEO RESOURCES PLC ORD 0.1P,GBX,11.05,0.85,0.05,6.25%
GMET,GUARDIAN METAL RESOURCES PLC ORD 1P,GBX,342.52,204,1,0.49%
GMR,GAMING REALMS PLC ORD GBP0.001,GBX,89.35,31.6,0.1,0.32%
GNIP,GENIP PLC ORD GBP0.00425,GBX,2.15,10.5,-,-
GRL,GOLDSTONE RESOURCES LD ORD 1P,GBX,10.94,0.85,0.03,3.03%
GROC,GREENROC STRATEGIC MATERIALS PLC ORD 0.1P,GBX,10.4,3.6,-0.08,-2.17%
GRP,GREENCOAT RENEWABLES PLC ORD EUR0.01 (CDI),EUR,644.46,0.66,-,-
GTC,GETECH GROUP PLC ORD 0.25P,GBX,3.2,2.1,-,-
GTLY,GATELEY (HOLDINGS) PLC ORD 10P,GBX,120.11,88.5,1,1.14%
GUN,GUNSYND PLC ORD 0.085P,GBX,1.86,0.12,-,-
GWMO,GREAT WESTERN MINING CORP. PLC ORD EUR0.0001 (CDI),GBX,6.21,1.65,-,-
HAYD,HAYDALE PLC ORD 0.01P,GBX,31.88,0.41,-,-
HDD,HARDIDE PLC ORD 4P,GBX,20.49,26,-,-
HE1,HELIUM ONE GLOBAL LTD ORD NPV (DI),GBX,65.07,0.63,-0.07,-10.46%
HERC,HERCULES PLC ORD GBP0.001,GBX,43.92,54.5,-,-
HEX,HELIX EXPLORATION PLC ORD GBP0.01,GBX,53.17,26.25,-2.25,-7.90%
HMI,HARVEST MINERALS LIMITED ORD NPV (DI),GBX,1.26,0.33,-,-
HSP,HARGREAVES SERVICES PLC ORD 10P,GBX,257.85,806,26,3.33%
HUD,HUDDLED GROUP PLC ORD GBP0.00040108663,GBX,8.04,1.88,-,-
HUW,HELIOS UNDERWRITING PLC ORD 10P,GBX,151,217,-,-
HVO,HVIVO PLC ORD 0.1P,GBX,64.58,9.2,-0.2,-2.13%
IDOX,IDOX PLC ORD 1P,GBX,326.87,70.8,-,-
IES,INVINITY ENERGY SYSTEMS PLC ORD GBP0.01,GBX,112.33,19.38,-0.38,-1.90%
IGP,INTERCEDE GROUP PLC ORD 1P,GBX,72.8,118,-3,-2.48%
IGR,IG DESIGN GROUP PLC ORD 5P,GBX,62.92,64,-,-
IHC,INSPIRATION HEALTHCARE GROUP PLC ORD 10P,GBX,19.55,21.8,-,-
IKA,ILIKA PLC ORD 1P,GBX,49.73,27.5,-,-
IMM,IMMUPHARMA PLC ORD 1P,GBX,42.73,8.5,-,-
ING,INGENTA PLC ORD 10P,GBX,17.05,127,9.5,8.09%
INSG,INSIG AI PLC ORD 1P,GBX,20.93,16.75,-,-
IOF,IOFINA PLC ORD 1P,GBX,49.88,26,-,-
IOM,IOMART GROUP PLC ORD 1P,GBX,18.64,16.43,-,-
IPX,IMPAX ASSET MANAGEMENT GROUP PLC ORD 1P,GBX,184.72,147.4,2,1.38%
IQE,IQE PLC ORD 1P,GBX,102.57,10.78,0.3,2.86%
ITIM,ITIM GROUP PLC ORD GBP0.05,GBX,11.78,37.5,-,-
ITM,ITM POWER PLC ORD 5P,GBX,398.2,63,-1.5,-2.33%
ITX,ITACONIX PLC ORD 50P,GBX,16.18,120,-,-
IXI,IXICO PLC ORD 1P,GBX,7.07,7.63,-,-
JAN,JANGADA MINES PLC ORD GBP0.0004,GBX,17.6,2.3,0.1,4.55%
JDG,JUDGES SCIENTIFIC PLC ORD 5P,GBX,330.36,"4,960.00",-,-
JET2,JET2 PLC ORD 1.25P,GBX,"2,556.86","1,307.00",-1,-0.08%
JHD,JAMES HALSTEAD PLC ORD 5P,GBX,562.16,133.5,-1.5,-1.11%
JIM,JARVIS SECURITIES PLC ORD 0.25P,GBX,3.86,8.63,-,-
JLP,JUBILEE METALS GROUP PLC ORD 1P,GBX,138.12,4.6,0.21,4.78%
JNEO,JOURNEO PLC ORD 6.5P,GBX,83.96,475,-,-
JOG,JERSEY OIL AND GAS PLC ORD 1P,GBX,32.83,100.5,-,-
JSE,JADESTONE ENERGY PLC ORD GBP0.001,GBX,135.54,24.5,-0.5,-2.00%
KDNC,CADENCE MINERALS PLC ORD 1P,GBX,16.42,3.95,-,-
KDR,KARELIAN DIAMOND RESOURCES PLC ORD EUR0.00025 (CDI),GBX,0.98,0.5,-,-
KEFI,KEFI GOLD AND COPPER PLC ORD 0.1P,GBX,201.4,1.83,-0.05,-2.67%
KETL,STRIX GROUP PLC ORD 1P,GBX,112.81,48.65,-0.75,-1.52%
KEYS,KEYSTONE LAW GROUP PLC ORD 0.2P,GBX,183.96,583,3,0.52%
KGH,KNIGHTS GROUP HOLDINGS PLC ORD 0.2P,GBX,146.14,172,2,1.18%
KIST,KISTOS HOLDINGS PLC ORD GBP0.10,GBX,199.48,237.5,-2.5,-1.04%
KITW,KITWAVE GROUP PLC ORD GBP0.01,GBX,245.35,293,-,-
KMK,KROMEK GROUP PLC ORD 1P,GBX,77.96,11.75,-0.15,-1.26%
KOD,KODAL MINERALS PLC ORD 0.03125P,GBX,89.64,0.43,-0.01,-2.27%
KOO,KOOTH PLC ORD 5P,GBX,44.32,123,-,-
KP2,KORE POTASH PLC ORD USD0.001,GBX,181.16,3.5,-,-
KRM,KRM22 PLC ORD 10P,GBX,21.95,37,-,-
KRS,KERAS RESOURCES PLC ORD 1P,GBX,2.2,1.4,-,-
KZG,KAZERA GLOBAL PLC ORD 0.1P,GBX,12.69,1.15,-,-
LBG,LBG MEDIA PLC ORD GBP0.001,GBX,148.03,70.8,-,-
LDG,LOGISTICS DEVELOPMENT GROUP PLC ORD GBP0.01,GBX,62.69,15.15,-,-
LEND,SANCUS LENDING GROUP LIMITED ORD NPV,GBX,8.69,0.8,-,-
LEX,LEXINGTON GOLD LTD COM SHS USD0.003 (DI),GBX,17.77,3.75,-,-
LIKE,LIKEWISE GROUP PLC ORD GBP0.01,GBX,61.42,24.5,-,-
LINV,LENDINVEST PLC ORD 0.05P,GBX,46.4,32.5,-,-
LIT,LITIGATION CAPITAL MANAGEMENT LTD ORD NPV (DI),GBX,10.35,8.5,-0.18,-2.07%
LND,LANDORE RESOURCES LD ORD NPV,GBX,9.29,2.5,-,-
LORD,LORDS GROUP TRADING PLC ORD 0.5P,GBX,40.73,24.5,-,-
LPA,LPA GROUP PLC ORD 10P,GBX,7.57,56,-,-
LST,LIGHT SCIENCE TECHNOLOGIES HOLDINGS ORD 1P,GBX,12.32,3.7,-,-
LTHM,LATHAM(JAMES) PLC ORD 25P,GBX,223.78,"1,120.00",10,0.90%
MAB1,MORTGAGE ADVICE BUREAU (HLDGS) PLC ORD 0.1P,GBX,394.55,678,-2,-0.29%
MAC,MARECHALE CAPITAL PLC ORD 0.8P,GBX,2.81,2.3,-0.05,-2.13%
MAFL,MINERAL & FINANCIAL INVESTMENTS LD ORD 1P (DI),GBX,20.21,52,-,-
MAI,MAINTEL HOLDINGS PLC ORD 1P,GBX,20.82,145,-,-
MANO,MANOLETE PARTNERS PLC ORD 0.4P,GBX,26.29,58,-2,-3.33%
MATD,PETRO MATAD LD ORD USD0.01,GBX,22.31,1.2,-,-
MBH,MICHELMERSH BRICK HLDGS PLC ORD 20P,GBX,80.88,91.5,3.5,3.98%
MBO,MOBILITYONE LD ORD 2.5P,GBX,6.11,5.75,-,-
MDZ,MEDIAZEST PLC ORD 0.01P,GBX,2.26,0.11,-,-
MERC,MERCIA ASSET MANAGEMENT PLC ORD 0.001P,GBX,125.66,29.5,-,-
MET,METIR PLC ORD GBP0.00001,GBX,3.44,0.78,-,-
MET1,METALS ONE PLC ORD GBP0.001,GBX,20.03,1.84,-0.05,-2.49%
MEX,TORTILLA MEXICAN GRILL PLC ORD GBP0.01,GBX,25.52,67.5,1.5,2.27%
MFAI,MINDFLAIR PLC ORD 0.25P,GBX,2.9,0.55,-,-
MFX,MANX FINANCIAL GROUP PLC ORD NPV,GBX,32.58,26.5,-,-
MHA,MHA PLC ORD 1P,GBX,417.39,145.5,-1,-0.68%
MIDW,MIDWICH GROUP PLC ORD GBP0.01,GBX,234.18,220,-4,-1.79%
MIRI,MIRRIAD ADVERTISING PLC ORD GBP0.00001,GBX,1.28,0.01,-,-
MKA,MKANGO RESOURCES LTD CMN SHS NPV (DI),GBX,172.9,49.5,-0.3,-0.60%
MLVN,MALVERN INTERNATIONAL PLC ORD GBP0.01,GBX,7.19,24.5,-,-
MPAC,MPAC GROUP PLC ORD 25P,GBX,106.76,355,-,-
MPAL,MEDPAL AI PLC ORD 0.02P,GBX,21.33,4.5,-0.25,-5.26%
MPE,M. P. EVANS GROUP PLC ORD 10P,GBX,778.62,"1,495.00",5,0.34%
MPL,MERCANTILE PORTS & LOGISTICS LTD ORD NPV,GBX,1.25,0.38,0.03,7.14%
MSI,MS INTERNATIONAL PLC ORD 10P,GBX,210.06,"1,280.00",-,-
MTC,MOTHERCARE PLC ORD 1P,GBX,12.12,2.15,-,-
MTEC,MADE TECH GROUP PLC ORD GBP0.0005,GBX,52.62,35.25,-,-
MTL,METALS EXPLORATION PLC ORD GBP0.0001,GBX,436.58,14.95,0.2,1.36%
MWE,MTI WIRELESS EDGE LD ORD ILS0.01,GBX,49.56,57,-0.5,-0.87%
MYX,MYCELX TECHNOLOGIES CORPORATION COM SHS USD0.025 (DI),GBX,11.09,45.5,-,-
N4P,N4 PHARMA PLC ORD 0.4P,GBX,4.16,0.5,-,-
NAH,NAHL GROUP PLC ORD GBP0.0025,GBX,16.45,34.1,-,-
NAR,NORTHAMBER PLC ORD 1P,GBX,8,29.5,-,-
NBB,NORMAN BROADBENT PLC ORD 5P,GBX,4.44,232.5,-,-
NCYT,NOVACYT S.A. EUR1/15TH (CDI),GBX,24.04,34.1,-,-
NET,NETCALL PLC ORD 5P,GBX,202.88,119,-,-
NEXS,NEXUS INFRASTRUCTURE PLC ORD GBP0.02,GBX,10.62,117.5,-,-
NFG,NEXT 15 GROUP PLC ORD 2.5P,GBX,310.16,308,1,0.33%
NICL,NICHOLS PLC ORD 10P,GBX,362.77,980,-12,-1.21%
NIOX,NIOX GROUP PLC ORD 0.08P,GBX,261.63,62.6,-,-
NTBR,NORTHERN BEAR PLC ORD 1P,GBX,16.09,117,-,-
NTVO,NATIVO RESOURCES PLC ORD 0.15P,GBX,3.15,0.53,0.03,6.06%
NWF,NWF GROUP PLC ORD 25P,GBX,68.69,138.5,-,-
NWT,NEWMARK SECURITY PLC ORD GBP0.05,GBX,9.9,105,-,-
NXQ,NEXTEQ PLC ORD 0.1P,GBX,44.78,77,-0.5,-0.65%
OBD,OXFORD BIODYNAMICS PLC ORD GBP0.001,GBX,12.23,0.29,-,-
OBI,ONDINE BIOMEDICAL INC. COM SHS NPV (CDI),GBX,50.54,9.75,-,-
OHGR,ONE HEALTH GROUP PLC ORD 0.5P,GBX,32.5,235,-,-
OMG,OXFORD METRICS PLC ORD 0.25P,GBX,63.51,56,0.4,0.72%
OMI,OROSUR MINING INC COM SHS NPV,GBX,90.75,26,3,13.04%
OMIP,ONE MEDIA IP GROUP PLC ORD 0.5P,GBX,8.01,3.6,-,-
ONWD,ONWARD OPPORTUNITIES LIMITED ORD NPV,GBX,47.7,145.5,-,-
OPT,OPTIMA HEALTH PLC ORD 1P,GBX,165.12,184,-2,-1.08%
OPTI,OPTIBIOTIX HEALTH PLC ORD 2P,GBX,6.46,6.25,-,-
ORCA,ORCADIAN ENERGY PLC ORD GBP0.001,GBX,11.68,14.75,-,-
ORCH,ORCHARD FUNDING GROUP PLC ORD 1P,GBX,12.81,60,-,-
ORCP,ORACLE POWER PLC ORD 0.001P,GBX,9.04,0.06,-,-
ORR,ORIOLE RESOURCES PLC ORD 0.1P,GBX,15.83,0.33,-,-
PANR,PANTHEON RESOURCES PLC ORD 1P,GBX,103.84,7.09,-0.05,-0.70%
PAT,PANTHERA RESOURCES PLC ORD 1P,GBX,53.18,20.5,-0.1,-0.49%
PCIP,PCI-PAL PLC ORD 1P,GBX,41.66,58.5,1,1.74%
PEB,PEBBLE BEACH SYSTEMS GROUP PLC ORD 2.5P,GBX,23.67,19.75,0.75,3.95%
PEBB,THE PEBBLE GROUP PLC ORD 1P,GBX,80.31,54,-,-
PEEL,PEEL HUNT LIMITED ORD NPV,GBX,153.51,124,-1,-0.80%
PEG,PETARDS GROUP PLC ORD 1P,GBX,6.98,11.5,-,-
PEN,PENNANT INTERNATIONAL GROUP PLC ORD 5P,GBX,10.22,21.5,-,-
PET,PETREL RESOURCES PLC ORD EUR0.0125 (CDI),GBX,1.66,0.8,-,-
PGH,PERSONAL GROUP HOLDINGS PLC ORD 5P,GBX,99.46,309,-9,-2.83%
PHE,POWERHOUSE ENERGY GROUP PLC ORD 0.5P,GBX,17.66,0.4,-,-
PHSC,PHSC PLC ORD 10P,GBX,0.82,8,-,-
PIP,PIPEHAWK PLC ORD 1P,GBX,0.76,2.1,-,-
PLSR,PULSAR HELIUM INC. COM SHS NPV (DI),GBX,146.82,81.5,-,-
PMG,PARKMEAD GROUP (THE) PLC ORD 1.5P,GBX,21.03,19.25,-,-
PMI,PREMIER MITON GROUP PLC ORD 0.02P,GBX,72.66,45,0.5,1.12%
PMP,PORTMEIRION GROUP PLC ORD 5P,GBX,13.39,96.5,1,1.05%
POLB,POOLBEG PHARMA PLC ORD 0.02P,GBX,32.77,4.7,-,-
POLR,POLAR CAPITAL HOLDINGS PLC ORD 2.5P,GBX,644.12,635,-2,-0.31%
POS,PLEXUS HOLDINGS PLC ORD 1P,GBX,9.71,5.63,-,-
POW,POWER METAL RESOURCES PLC ORD 2P,GBX,17.62,15.25,-0.25,-1.61%
PPHC,"PUBLIC POLICY HOLDING COMPANY, INC. COM SHS USD0.001 (DI)",GBX,254.37,890,-,-
PR1,PRI0R1TY INTELLIGENCE GROUP PLC ORD GBP0.003,GBX,4.39,2.45,-,-
PREM,PREMIER AFRICAN MINERALS LIMITED ORD NPV (DI),GBX,2.85,0.02,-,-
PRIM,PRIMORUS INVESTMENTS PLC ORD 0.2P,GBX,4.81,3.85,-,-
PRM,PROTEOME SCIENCES PLC ORD 1P,GBX,7.05,2.01,-,-
PRO,PROSERVICE BUILD.SERV. MKTPLACE PLC ORD GBP0.01,GBX,60.69,7.98,0.38,5.00%
PTAL,PETROTAL CORPORATION COM SHS NPV (DI),GBX,196.29,21.5,-,-
PULS,PULSAR GROUP PLC ORD 5P,GBX,61.02,45,-,-
PXC,PHOENIX COPPER LIMITED ORD NPV (DI),GBX,2.95,1.03,-,-
PXEN,PROSPEX ENERGY PLC ORD 0.1P,GBX,13.29,3.1,-,-
PXS,PROVEXIS PLC ORD 0.1P,GBX,32.84,1.5,0.1,7.14%
PYC,PHYSIOMICS PLC ORD 0.4P,GBX,1.52,0.5,-,-
QBT,QUANTUM BLOCKCHAIN TECHNOLOGIES PLC ORD 0.25P,GBX,6.96,0.48,-,-
QED,QUADRISE PLC ORD 1P,GBX,39.62,1.98,-,-
QHE,QUANTUM HELIUM LIMITED ORD NPV (DI),GBX,10.5,0.03,0,4.76%
QTX,QUARTIX TECHNOLOGIES PLC ORD 1P,GBX,133.18,275,-,-
QUBE,QUANTUM BASE HOLDINGS PLC ORD GBP0.001,GBX,21.09,25,-,-
RBD,REABOLD RESOURCES PLC ORD 0.1P,GBX,9.17,0.09,-,-
RBN,ROBINSON PLC ORD 0.5P,GBX,19.69,117.5,-,-
RCFX,RC FORNAX PLC ORD GBP0.0025,GBX,11.03,11,-0.5,-4.35%
RCN,REDCENTRIC PLC ORD 0.1P,GBX,188.77,118.5,-,-
RDT,ROSSLYN DATA TECHNOLOGIES PLC ORD 0.1P,GBX,2.15,2.9,-,-
REAT,REACT GROUP PLC ORD 12.5P,GBX,12.29,51.5,-0.5,-0.96%
RENX,RENALYTIX PLC ORD 0.25P,GBX,16.93,3.88,-,-
REVB,REVOLUTION BEAUTY GROUP PLC ORD GBP0.01,GBX,33.09,3.65,-0.16,-4.07%
RFX,RAMSDENS HOLDINGS PLC ORD GBP0.01,GBX,137.51,430,5,1.18%
RHR,RICHMOND HILL RESOURCES PLC ORD GBP0.001,GBX,20.11,2.8,-,-
RKH,ROCKHOPPER EXPLORATION PLC ORD 1P,GBX,620.19,71.8,-0.2,-0.28%
RLE,REAL ESTATE INVESTORS PLC ORD 10P,GBX,54.9,31.4,-,-
RMR,ROME RESOURCES PLC ORD 0.1P,GBX,20.4,0.29,-0.01,-1.72%
RNWH,RENEW HOLDINGS PLC ORD 10P,GBX,731.47,925,1,0.11%
ROAD,ROADSIDE REAL ESTATE PLC ORD £0.00860675675675676,GBX,91.24,62.5,-1,-1.58%
ROCK,ROCKFIRE RESOURCES PLC ORD 0.1P,GBX,17.05,0.2,-,-
ROSE,ROSEBANK INDUSTRIES PLC ORD NPV,GBX,"1,333.67",328,-,-
RRR,RED ROCK RESOURCES PLC ORD 0.01P,GBX,2.22,0.02,-,-
RST,RESTORE PLC ORD 5P,GBX,328.25,240.5,-1.5,-0.62%
RTC,RTC GROUP PLC ORD 1P,GBX,13.81,110,-,-
RUA,RUA LIFE SCIENCES PLC ORD 5P,GBX,8.38,13.5,-,-
RVRB,RIVER GLOBAL PLC B SHS 0.5P,GBX,54.7,38,-,-
RWS,RWS HOLDINGS PLC ORD 1P,GBX,282.78,74.9,-1.3,-1.71%
SAA,M&C SAATCHI PLC ORD 1P,GBX,154.04,126,-,-
SAAS,MICROLISE GROUP PLC ORD GBP0.001,GBX,92.18,79.5,-,-
SAG,SCIENCE GROUP PLC ORD 1P,GBX,233.37,545,-,-
SAL,SPACEANDPEOPLE PLC ORD 10P,GBX,4.15,210,-,-
SALT,MICROSALT PLC ORD GBP0.001625,GBX,30.88,55,-,-
SAR,SAREUM HOLDINGS PLC ORD GBP 0.0125,GBX,21.4,15.5,-,-
SAV,SAVANNAH RESOURCES PLC ORD 1P,GBX,127.42,4.95,-,-
SAVE,SAVANNAH ENERGY PLC ORD GBP0.001,GBX,206.77,9.35,-0.55,-5.56%
SBAR,SUNDAE BAR PLC ORD 0.1P,GBX,21.27,4.95,-,-
SBDS,SILVER BULLET DATA SERVICES GROUP P ORD GBP0.01,GBX,3.54,18.5,-,-
SBTX,SKINBIOTHERAPEUTICS PLC ORD 1P,GBX,13.48,5.25,0.05,0.96%
SCE,SURFACE TRANSFORMS PLC ORD 1P,GBX,26.04,2,-,-
SCLP,SCANCELL HOLDINGS PLC ORD 0.1P,GBX,137.51,13.25,-,-
SDG,SANDERSON DESIGN GROUP PLC ORD 1P,GBX,43.36,60,-,-
SDI,SDI GROUP PLC ORD 1P,GBX,85.23,81.5,-,-
SEA,LONGBOAT ENERGY PLC ORD 10P,GBX,49.25,77,-1,-1.28%
SEE,SEEING MACHINES LD ORD NPV (DI),GBX,178.32,3.61,-0.02,-0.55%
SEED,SEED INNOVATIONS LD ORD 1P,GBX,6.48,3.45,-,-
SFT,SOFTWARE CIRCLE PLC ORD 1P,GBX,67.29,17.25,-,-
SHOE,SHOE ZONE PLC ORD 1P,GBX,23.11,50,-,-
SKA,SHUKA MINERALS PLC ORD 1P,GBX,4,3.15,-,-
SLP,SYLVANIA PLATINUM LIMITED CMN SHS USD0.01 (DI),GBX,292.65,114,1.5,1.33%
SML,STRATEGIC MINERALS PLC ORD 0.1P,GBX,90.74,3.3,-0.08,-2.37%
SNDA,SUNDA ENERGY PLC ORD 0.025P,GBX,11.39,0.04,0,3.59%
SNT,SABIEN TECHNOLOGY GROUP PLC ORD 3P,GBX,2.31,7.25,-,-
SNX,SYNECTICS PLC ORD 20P,GBX,41.82,237.5,2.5,1.06%
SOLI,SOLID STATE PLC ORD 5P,GBX,93.61,165,-,-
SOM,SOMERO ENTERPRISE INC COM STK USD0.001 (DI),GBX,116.24,215,-,-
SORT,SORTED GROUP HOLDINGS PLC ORD 0.01P,GBX,2.29,30,-,-
SOS,SOSANDAR PLC ORD 0.1P,GBX,16.32,7.25,-,-
SOU,SOUND ENERGY PLC ORD 1P,GBX,15.08,0.73,-,-
SOUC,SOUTHERN ENERGY CORP. SHS NPV (DI),GBX,11.02,3.25,-,-
SPA,1SPATIAL PLC ORD 10P,GBX,80.54,72,-,-
SPEC,INSPECS GROUP PLC ORD 1P,GBX,81.85,83,2.5,3.11%
SPR,SPRINGFIELD PROPERTIES PLC ORD 0.125P,GBX,155.49,130.5,-,-
SPSY,SPECTRA SYSTEMS CORPORATION COM SHS USD0.01 (UNRES),GBX,66.14,136.5,-0.5,-0.37%
SQZ,SERICA ENERGY PLC ORD USD0.10,GBX,899.89,230,-1,-0.43%
SRB,SERABI GOLD PLC ORD 10P,GBX,243.11,325,4,1.25%
SRC,SIGMAROC PLC ORD 1P,GBX,"1,672.28",150.4,0.4,0.27%
SRES,SUNRISE RESOURCES PLC ORD 0.001P,GBX,2.54,0.03,0,-7.69%
SRT,SRT MARINE SYSTEMS PLC ORD 0.1P,GBX,216.39,86,-,-
SSTY,SAFESTAY PLC ORD 1P,GBX,10.23,15.75,-,-
STAF,STAFFLINE GROUP PLC ORD 10P,GBX,62.39,50,-1,-1.96%
STAR,STAR ENERGY GROUP PLC ORD 0.002P,GBX,18.35,13.5,-0.5,-3.57%
STCM,STEPPE CEMENT LD ORD NPV,GBX,45.99,21,-,-
STG,STRIP TINNING HOLDINGS PLC ORD 1P,GBX,3.92,21.5,-,-
STX,SHIELD THERAPEUTICS PLC ORD 1.5P,GBX,103.06,9.65,-,-
SUH,SUTTON HARBOUR GROUP PLC ORD 1P,GBX,5.36,3.75,-,-
SUN,SURGICAL INNOVATIONS GROUP PLC ORD 1P,GBX,4.2,0.45,-,-
SUP,SUPREME PLC ORD 10P,GBX,168.94,143.5,-0.5,-0.35%
SVML,SOVEREIGN METALS LIMITED ORD NPV (DI),GBX,258.78,43.5,3.5,8.75%
SWG,SHEARWATER GROUP PLC ORD 10P,GBX,11.08,46.5,-,-
SWT,SWITCH METALS PLC ORD GBP0.0085,GBX,20.08,17,-,-
SYM,SYMPHONY ENVIRONMENTAL TECH. PLC ORD 1P,GBX,19.5,8.25,-,-
SYN,SYNERGIA ENERGY LTD ORD NPV,GBX,1.09,0.01,-,-
SYS,SYSGROUP PLC ORD 1P,GBX,12.55,14,-1,-6.67%
SYS1,SYSTEM1 GROUP PLC ORD 1P,GBX,25.89,204,-,-
TAM,TATTON ASSET MANAGEMENT PLC ORD GBP0.20,GBX,410.72,668,-2,-0.30%
TAP,TAP GLOBAL GROUP PLC ORD 0.1P,GBX,10.8,1.45,-,-
TAVI,TAVISTOCK INVESTMENTS PLC ORD 1P,GBX,19.63,3.95,-,-
TBLD,TINYBUILD INC. COM SHS USD0.001 (DI),GBX,30.29,7.63,-,-
TCF,THERACRYF PLC ORD 0.25P,GBX,4.84,0.23,-,-
TEAM,TEAM PLC ORD NPV,GBX,16.21,26,-,-
TEK,TEKCAPITAL PLC ORD £0.004,GBX,21.47,8.35,-,-
TENG,TEN LIFESTYLE GROUP PLC ORD 0.1P,GBX,66.7,69.25,-,-
TERN,TERN PLC ORD 0.02P,GBX,2.86,0.45,0.03,5.88%
TFW,THORPE(F.W.) PLC ORD 1P,GBX,317.98,281,-,-
TGP,TEKMAR GROUP PLC ORD 1P,GBX,15,10.75,-,-
THR,THOR ENERGY PLC ORD GBP0.001,GBX,6.28,0.61,-,-
THRU,THRUVISION GROUP PLC ORD 1P,GBX,4.93,1.1,-,-
THX,THOR EXPLORATIONS LTD COM SHS NPV (DI),GBX,566.59,85.5,0.5,0.59%
TIA,TIALIS ESSENTIAL IT PLC ORD 1P,GBX,24.94,62.5,-,-
TIDE,CRIMSON TIDE PLC ORD 10P,GBX,6.08,92.5,-,-
TIG,TEAM INTERNET GROUP PLC ORD 0.1P,GBX,121.49,48.2,-1.15,-2.33%
TIME,TIME FINANCE PLC ORD 10P,GBX,49.49,53.5,-,-
TIN,CORNISH METALS PLC ORD GBP0.0005,GBX,157.46,126,0.5,0.40%
TIR,TIGER ALPHA PLC ORD 0.1P,GBX,4.48,0.53,-,-
TMG,THE MISSION GROUP PLC ORD 10P,GBX,17.73,19.5,-,-
TMO,TIME OUT GROUP PLC ORD GBP0.001,GBX,44.69,8.55,-,-
TMT,TMT INVESTMENTS ORD NPV,USD,57.72,2.53,-,-
TND,TANDEM GROUP PLC ORD 25P,GBX,9.52,172.5,-,-
TOM,TOMCO ENERGY PLC ORD NPV,GBX,2.16,0.04,-0.02,-31.82%
TON,TITON HLDGS PLC ORD 10P,GBX,10.69,95,-,-
TOO,TOORU PLC ORD 0.01P,GBX,4.82,0.22,-,-
TPFG,PROPERTY FRANCHISE GROUP PLC (THE) ORD 1P,GBX,303.46,473.5,-2.5,-0.53%
TPX,TPXIMPACT HOLDINGS PLC ORD 1P,GBX,33.79,37.5,2,5.63%
TRAC,T42 IOT TRACKING SOLUTIONS PLC ORD NPV,GBX,1.54,2.1,-,-
TRAF,TRAFALGAR PROPERTY GROUP PLC ORD 0.01P,GBX,0.39,0.02,-,-
TRB,TRIBAL GROUP PLC ORD 5P,GBX,148.46,70.5,1.25,1.81%
TRCS,TRACSIS PLC ORD 0.4P,GBX,95.24,320,-,-
TRLS,TRELLUS HEALTH PLC ORD GBP0.0006,GBX,1.34,0.65,-0.05,-7.14%
TRP,TOWER RESOURCES PLC ORD GBP0.00001,GBX,9.01,0.03,-,-
TRT,TRANSENSE TECHNOLOGIES PLC ORD 10P,GBX,9.97,65.5,-,-
TRU,TRUFIN PLC ORD 91P,GBX,120.52,125.5,-0.5,-0.40%
TRUE,TRUETIDE PLC ORD 2P,GBX,1.84,2.35,-,-
TST,TOUCHSTAR PLC ORD 5P,GBX,5.15,65,-,-
TSTL,TRISTEL PLC ORD 1P,GBX,194.12,410,5,1.24%
TUN,TUNGSTEN WEST PLC ORD GBP0.01,GBX,271.32,31.5,0.5,1.61%
TUNE,FOCUSRITE PLC ORD 0.1P,GBX,142.11,240,-,-
TXP,TOUCHSTONE EXPLORATION INC COM SHS NPV (DI),GBX,27.76,8.55,-,-
TYM,TERTIARY MINERALS PLC ORD 0.01P,GBX,4.38,0.09,-,-
UFO,ALIEN METALS LD COM SHS NPV (DI),GBX,19.73,0.17,-,-
UJO,UNION JACK OIL PLC ORD 5P,GBX,4.18,2.85,-,-
UKR,UKRPRODUCT GROUP LD ORD 10P,GBX,3.17,8,-,-
UOG,UNITED OIL & GAS PLC ORD GBP0.00001,GBX,7.93,0.18,-0.02,-7.69%
UPR,UNIPHAR PLC ORD EUR0.08 (CDI),GBX,903.32,348,-,-
URU,URU METALS LD ORD NPV (DI),GBX,6.3,6.5,-,-
VAL,VALIRX PLC ORD 0.1P,GBX,2.3,0.31,-,-
VANL,VAN ELLE HOLDINGS PLC ORD 2P,GBX,40.58,37.5,-,-
VARE,VARIOUS EATERIES PLC ORD 1P,GBX,23.63,13.5,-,-
VAST,VAST RESOURCES PLC ORD 0.1P,GBX,6,0.12,-,-
VCP,VICTORIA PLC ORD 5P,GBX,30.11,23,-3.1,-11.88%
VEL,VELOCITY COMPOSITES PLC ORD 0.25P,GBX,8.47,15.5,-,-
VIC,VICTORIAN PLUMBING GROUP PLC ORD GBP0.001,GBX,282.69,84.4,-1.6,-1.86%
VINO,VIRGIN WINES UK PLC ORD GBP0.01,GBX,29.4,59.5,-,-
VLE,VOLVERE PLC ORD 0.00001P,GBX,58.03,"2,650.00",-,-
VLG,VENTURE LIFE GROUP PLC ORD 0.3P,GBX,85.9,69.5,-,-
VLX,VOLEX PLC ORD 25P,GBX,906.05,482,-7.5,-1.53%
VNET,VIANET GROUP PLC ORD 10P,GBX,19.19,67.5,-,-
VRCI,VERICI DX PLC ORD GBP0.001,GBX,9.46,0.63,-,-
VTU,VERTU MOTORS PLC ORD 10P,GBX,197.04,60.6,-2.4,-3.81%
W7L,WARPAINT LONDON PLC ORD 25P,GBX,219.74,267.5,-4.5,-1.65%
WATR,WATER INTELLIGENCE PLC ORD 1P,GBX,53.17,314,-,-
WHI,W.H. IRELAND GROUP PLC ORD 1P,GBX,10.03,4.25,-,-
WINE,NAKED WINES PLC ORD 7.5P,GBX,50.85,73.4,-0.8,-1.08%
WINK,M WINKWORTH PLC ORD 0.5P,GBX,22.91,177.5,-,-
WJG,WATKIN JONES PLC ORD 1P,GBX,79.05,30.85,0.05,0.16%
WKS,WINKING STUDIOS LIMITED ORD SGD 0.04 (DI),GBX,56.35,13,0.25,1.96%
WPHO,WINDAR PHOTONICS PLC ORD 1P,GBX,40.47,42,-,-
WRKS,THEWORKS.CO.UK PLC ORD 1P,GBX,22.56,37.8,1.7,4.71%
WSG,WESTMINSTER GROUP PLC ORD 0.1P,GBX,3.84,0.85,-,-
WTE,WESTMOUNT ENERGY LD ORD NPV,GBX,7.56,5.25,-,-
WYN,WYNNSTAY GROUP PLC ORD 25P,GBX,90.2,390,-,-
XPF,XP FACTORY PLC ORD 1.25P,GBX,19.71,11.25,-,-
XSG,XEROS TECHNOLOGY GROUP ORD 0.1P,GBX,12.5,1.45,-,-
XTR,XTRACT RESOURCES PLC ORD 0.02P,GBX,12.49,1.03,-0.03,-2.38%
YCA,YELLOW CAKE PLC ORD GBP0.01,GBX,"1,647.34",655,3,0.46%
YNGA,YOUNG & CO'S BREWERY PLC A' ORD 12.5P,GBX,328.17,863,-,-
YNGN,YOUNG & CO'S BREWERY PLC NON VTG ORD 12.5P,GBX,152.92,636,-14,-2.15%
YOU,YOUGOV PLC ORD 0.2P,GBX,244.38,205.5,-3,-1.44%
YU.,YU GROUP PLC ORD GBP0.005,GBX,327.98,"1,940.00",-,-
ZAM,ZAMBEEF PRODUCTS PLC ORD ZMW0.01,GBX,13.23,4.45,0.05,1.14%
ZIN,ZINC MEDIA GROUP PLC ORD 0.125P,GBX,11.59,46,-,-
ZIOC,ZANAGA IRON ORD NPV (DI),GBX,54.94,6.4,-0.2,-3.03%
ZNWD,ZINNWALD LITHIUM PLC ORD GBP0.01,GBX,36.34,6.7,-,-
ZOO,ZOO DIGITAL GROUP PLC ORD 1P,GBX,14.01,14.25,-,-
ZPHR,ZEPHYR ENERGY PLC ORD 0.1P,GBX,69.32,3.45,0.15,4.55%
