Code,Name,Currency,Market Cap (m),Price,Change,Change %
3IN,3I INFRASTRUCTURE PLC ORD NPV,GBX,"3,242.06",352,0.5,0.14%
AAF,AIRTEL AFRICA PLC ORD USD0.50,GBX,"12,913.72",355.6,1.4,0.40%
AAIF,ABERDEEN ASIAN INCOME FUND LIMITED ORD NPV,GBX,424.7,299,1,0.34%
AAL,ANGLO AMERICAN PLC ORD USD0.623855311355311,GBX,"42,610.08","3,639.00",22,0.61%
AAS,ABERDEEN ASIA FOCUS PLC ORD 5P,GBX,576.34,410.00,-,-
ABDN,ABERDEEN GROUP PLC ORD 13 61/63P,GBX,"3,979.69",216.4,0.2,0.09%
ABF,ASSOCIATED BRITISH FOODS PLC ORD 5 15/22P,GBX,"13,865.23","1,969.50",16,0.82%
ADIG,ABRDN DIVERSIFIED INCOME AND GROWTH ORD 1P,GBX,85.41,28.9,0.55,1.94%
ADM,ADMIRAL GROUP PLC ORD 0.1P,GBX,"8,821.57","2,866.00",-14,-0.49%
AEI,ABERDEEN EQUITY INCOME TRUST PLC ORD 25P,GBX,223.63,439.00,1,0.23%
AEP,AEP PLANTATIONS PLC ORD 25P,GBX,608.2,"1,555.00",-20,-1.27%
AEWU,AEW UK REIT PLC ORD GBP0.01,GBX,174.22,110,0.2,0.18%
AFL,ARTEMIS UK FUTURE LEADERS PLC ORD 20P,GBX,111.07,374,-,-
AGT,AVI GLOBAL TRUST PLC ORD 2P,GBX,"1,086.56",266.50,-1,-0.37%
AGVI,ABERFORTH GEARED VALUE & INCOME TRU ORD 1P,GBX,94.72,88.25,-,-
AHT,ASHTEAD GROUP PLC ORD 10P,GBX,"21,498.43","5,184.00",-6,-0.12%
AIE,ASHOKA INDIA EQUITY INVESTMENT TRUS ORD 1P,GBX,433.45,256,-,-
AJB,AJ BELL PLC ORD GBP0.000125,GBX,"1,700.68",425.6,-1,-0.23%
AJOT,AVI JAPAN OPPORTUNITY TRUST PLC ORD 1P,GBX,396.6,183,-,-
ALFA,ALFA FINANCIAL SOFTWARE HOLDINGS PL ORD 0.1P,GBX,563.63,188,-2,-1.05%
ALW,ALLIANCE WITAN PLC ORD 2.5P,GBX,"4,879.08","1,280.00",-4,-0.31%
AML,ASTON MARTIN LAGONDA GLOBAL HOLDING ORD GBP0.10,GBX,594.82,57.85,-0.9,-1.53%
ANII,ABERDEEN NEW INDIA INV TRUST PLC ORD 25P,GBX,330.24,746,-,-
ANTO,ANTOFAGASTA PLC ORD 5P,GBX,"39,355.40","4,067.00",75,1.88%
AO.,AO WORLD PLC ORD 0.25P,GBX,574.04,101.4,1,1.00%
APN,APPLIED NUTRITION PLC ORD GBP0.0002,GBX,650,255.5,-4.5,-1.73%
APTD,APTITUDE SOFTWARE GROUP PLC ORD 7 1/3P,GBX,131.81,240,-,-
ARR,AURORA UK ALPHA PLC ORD 25P,GBX,291.59,268,3,1.13%
ASC,ASOS PLC ORD 3.5P,GBX,338.51,281,-2,-0.71%
ASHM,ASHMORE GROUP PLC ORD 0.01P,GBX,"1,746.21",241.6,-3.4,-1.39%
ASL,ABERFORTH SMALLER COMPANIES TST PLC ORD 1P,GBX,"1,329.40","1,672.00",-6,-0.36%
ASLI,ABRDN EUROPEAN LOGISTICS INCOME PLC ORD 1P,GBX,113.76,27.8,0.2,0.73%
AT.,ASHTEAD TECHNOLOGY HOLDINGS PLC ORD 5P,GBX,355.15,443,2.5,0.57%
ATG,AUCTION TECHNOLOGY GROUP PLC ORD 0.01P,GBX,382.1,318,2.5,0.79%
ATR,SCHRODER ASIAN TOTAL RETURN INV CO ORD 5P,GBX,577.98,616,-2,-0.32%
ATT,ALLIANZ TECHNOLOGY TRUST PLC ORD 2.5P,GBX,"1,919.56",538,-6,-1.10%
ATYM,"ATALAYA MINING COPPER, S.A. ORD EUR0.09 (CDI)",GBX,"1,517.60",999,12,1.22%
AUGM,AUGMENTUM FINTECH PLC ORD GBP0.01,GBX,147.88,87.6,-0.8,-0.91%
AUSC,ABERDN UK SMALL.CO'S GROWTH TST PLC ORD 25P,GBX,255.54,522,-,-
AUTO,AUTOTRADER GROUP PLC ORD 1P,GBX,"4,008.21",481.4,0.4,0.08%
AV.,AVIVA PLC ORD 32 17/19P,GBX,"20,040.41",656,0.6,0.09%
AVON,AVON TECHNOLOGIES PLC ORD #1,GBX,546.46,"1,788.00",-18,-1.00%
AZN,ASTRAZENECA PLC ORD SHS $0.25,GBX,"236,829.24","15,114.00",-156,-1.02%
BA.,BAE SYSTEMS PLC ORD 2.5P,GBX,"64,923.03","2,128.00",-37,-1.71%
BAB,BABCOCK INTERNATIONAL GROUP PLC ORD 60P,GBX,"7,091.04","1,403.00",-17,-1.20%
BAG,BARR(A.G.) PLC ORD 4 1/6P,GBX,779.72,699,3,0.43%
BARC,BARCLAYS PLC ORD 25P,GBX,"65,406.81",477.3,3.5,0.74%
BASC,BROWN ADVISORY US SMALLER CO'S PLC ORD 25P,GBX,160.34,"1,415.00",-,-
BATS,BRITISH AMERICAN TOBACCO PLC ORD 25P,GBX,"99,385.07","4,552.00",-17,-0.37%
BBH,BELLEVUE HEALTHCARE TRUST PLC RED ORD 1P,GBX,97.94,133,-0.8,-0.60%
BBOX,TRITAX BIG BOX REIT PLC ORD 1P,GBX,"4,674.67",171.8,-1.2,-0.69%
BBY,BALFOUR BEATTY PLC ORD 50P,GBX,"3,803.82",777,1.5,0.19%
BCG,BALTIC CLASSIFIEDS GROUP PLC ORD GBP0.01,GBX,876.71,186.6,-1.4,-0.75%
BERI,BLACKROCK ENERGY & RES. INC.TST PLC ORD 1P,GBX,189.07,186.5,1.5,0.81%
BEZ,BEAZLEY PLC ORD 5P,GBX,"7,308.03","1,222.00",3,0.25%
BGCG,BAILLIE GIFFORD CHINA GRWTH TST PLC ORD 25P,GBX,177.39,315,5,1.61%
BGEO,LION FINANCE GROUP PLC ORD 1P,GBX,"4,445.01","10,340.00",90,0.88%
BGEU,BAILLIE GIFFORD EUROPEAN GROWTH TRU ORD 2.5P,GBX,316.44,105.5,-,-
BGFD,BAILLIE GIFFORD JAPAN TRUST PLC ORD 5P,GBX,692,923,-1,-0.11%
BGS,BAILLIE GIFFORD SHIN NIPPON PLC ORD 2P,GBX,361.14,148.4,1,0.68%
BGUK,BAILLIE GIFFORD UK GROWTH TRUST PLC ORD 25P,GBX,230.5,201,-2,-0.99%
BHMG,BH MACRO LD ORD NPV (GBP),GBX,"1,309.09",426,-,-
BIOG,BIOTECH GROWTH TRUST (THE) PLC ORD 25P,GBX,258.84,"1,220.00",-35,-2.79%
BIPS,INVESCO BOND INCOME PLUS LIMITED ORD NPV,GBX,446.92,174,-,-
BKG,BERKELEY GROUP HOLDINGS (THE) PLC ORD 5.6110477936P,GBX,"4,117.86","4,326.00",-28,-0.64%
BLND,BRITISH LAND CO PLC ORD 25P,GBX,"4,189.55",419.8,0.8,0.19%
BME,B&M EUROPEAN VALUE RETAIL S.A. ORD 10P (DI),GBX,"1,869.87",187.95,1.9,1.02%
BMS,BRAEMAR PLC ORD 10P,GBX,71.26,215.5,-,-
BMY,BLOOMSBURY PUBLISHING PLC ORD 1.25P,GBX,369.69,459,6,1.33%
BNKR,BANKERS INV TST PLC ORD 2.5P,GBX,"1,317.76",135.4,-0.8,-0.59%
BNZL,BUNZL PLC ORD 32 1/7P,GBX,"6,918.67","2,146.00",12,0.56%
BOOT,BOOT (HENRY) PLC ORD 10P,GBX,262.17,193,-2,-1.03%
BOWL,HOLLYWOOD BOWL GROUP PLC ORD 1P,GBX,428.81,257.5,0.5,0.20%
BOY,BODYCOTE PLC ORD 17 3/11P,GBX,"1,350.14",777.5,-4,-0.51%
BP.,BP PLC $0.25,GBX,"73,439.16",471.8,4.2,0.90%
BPCR,BIOPHARMA CREDIT PLC ORD USD0.01,USD,777.88,0.93,-,-
BPT,BRIDGEPOINT GROUP PLC ORD GBP0.00005,GBX,"2,295.60",259.8,-1.8,-0.69%
BRAI,BLACKROCK AMERICAN INCOME TRUST PLC ORD 1P,GBX,135.67,237,-3.5,-1.46%
BRBY,BURBERRY GROUP PLC ORD 0.05P,GBX,"4,380.66","1,253.00",39.5,3.26%
BREE,BREEDON GROUP PLC ORD GBP0.01,GBX,"1,254.15",358,-3.8,-1.05%
BRFI,BLACKROCK FR ORD USD0.01,GBX,381.38,203,1.5,0.74%
BRGE,BLACKROCK GREATER EURO INV TST PLC ORD 0.1P,GBX,558.3,600,-4,-0.66%
BRK,BROOKS MACDONALD GROUP PLC ORD 1P,GBX,262.77,"1,670.00",15,0.91%
BRLA,BLACKROCK LATIN AMERICAN INV TSTPLC ORD US$0.10,GBX,142.83,485,-,-
BRSC,BLACKROCK SMALLER COMPANIES TST PLC ORD 25P,GBX,564.55,"1,414.00",-4,-0.28%
BRWM,BLACKROCK WORLD MINING TRUST PLC ORD 5P,GBX,"1,829.49",987,7,0.71%
BSIF,BLUEFIELD SOLAR INCOME FUND LIMITED ORD NPV,GBX,441.1,74.8,0.3,0.40%
BT.A,BT GROUP PLC ORD 5P,GBX,"20,244.26",203.7,0.6,0.30%
BTRW,BARRATT REDROW PLC ORD 10P,GBX,"5,380.46",377.1,-1.3,-0.34%
BUT,BRUNNER INV TST PLC ORD 25P,GBX,650.22,"1,492.00",-12,-0.80%
BWY,BELLWAY PLC ORD 12.5P,GBX,"3,325.11","2,834.00",-14,-0.49%
BYG,BIG YELLOW GROUP PLC ORD 10P,GBX,"2,070.53","1,048.00",-4,-0.38%
BYIT,BYTES TECHNOLOGY GROUP PLC ORD GBP0.01,GBX,701.47,296.6,-0.2,-0.07%
CABP,CAB PAYMENTS HOLDINGS PLC ORD 0.033 1/3P,GBX,209.41,84.1,1.7,2.06%
CAPD,CAPITAL LD COMM SHS USD0.0001 (DI),GBX,318.8,139,-2.5,-1.77%
CARD,CARD FACTORY PLC ORD 1P,GBX,246.57,71.3,-,-
CBG,CLOSE BROS GROUP PLC ORD 25P,GBX,739.46,489.2,-2,-0.41%
CCC,COMPUTACENTER PLC ORD 7 5/9P,GBX,"3,261.69","3,028.00",-42,-1.37%
CCEP,COCA-COLA EUROPACIFIC PARTNERS PLC ORD EUR0.01 (DI),GBX,"35,074.01","7,830.00",20,0.26%
CCH,COCA-COLA HBC AG ORD CHF6.70 (CDI),GBX,"17,354.77","4,796.00",22,0.46%
CCJI,CC JAPAN INCOME & GROWTH TRUST PLC ORD GBP0.01,GBX,340.19,252.5,-,-
CCL,CARNIVAL PLC ORD USD 1.66,GBX,"3,420.39","2,351.00",2,0.09%
CCR,C&C GROUP PLC ORD EUR0.01 (CDI),GBX,416.52,113,0.6,0.53%
CGT,CAPITAL GEARING TRUST PLC ORD 25P,GBX,797.09,"5,020.00",-10,-0.20%
CHG,CHEMRING GROUP PLC ORD 1P,GBX,"1,387.83",512,2,0.39%
CHI,CT UK HIGH INCOME TRUST PLC ORD 0.1P,GBX,107.72,119,-,-
CHRY,CHRYSALIS INVESTMENTS LIMITED ORD NPV,GBX,457.82,93.8,-0.3,-0.32%
CKN,CLARKSON PLC ORD 25P,GBX,"1,296.99","4,195.00",-,-
CLDN,CALEDONIA INVESTMENTS PLC ORD 0.5P,GBX,"1,823.07",347.5,-2.5,-0.71%
CLI,CLS HOLDINGS PLC ORD 2.5P,GBX,238.07,60.3,0.5,0.84%
CLIG,CITY OF LONDON INVESTMENT GROUP PLC ORD 1P,GBX,197.65,390,-,-
CMCX,CMC MARKETS PLC ORD 25P,GBX,924.79,330.5,-,-
CNA,CENTRICA PLC ORD 6 14/81P,GBX,"8,668.65",190.3,2.05,1.09%
CNE,CAPRICORN ENERGY PLC ORD 799/122P,GBX,185.22,261.5,-1,-0.38%
COA,COATS GROUP PLC ORD 5P,GBX,"1,744.81",90.1,-0.9,-0.99%
COST,COSTAIN GROUP PLC ORD 1P,GBX,509.96,189,-2.2,-1.15%
CPG,COMPASS GROUP PLC ORD 11 1/20P,GBX,"37,630.53","2,209.00",-4,-0.18%
CPI,CAPITA PLC ORD 31P,GBX,433.31,357.5,-3.5,-0.97%
CRDA,CRODA INTERNATIONAL PLC ORD 10.609756P,GBX,"4,189.06","2,979.00",-21,-0.70%
CREI,CUSTODIAN PROPERTY INCOME REIT PLC ORD 1P,GBX,429.24,89.8,1,1.13%
CRST,CREST NICHOLSON HOLDINGS PLC ORD 5P,GBX,416.25,158.7,-3.3,-2.04%
CSN,CHESNARA PLC ORD 5P,GBX,755.14,327,-,-
CTEC,CONVATEC GROUP PLC ORD 10P,GBX,"4,472.70",229.2,0.4,0.18%
CTPE,CT PRIVATE EQUITY TRUST PLC ORD 1P,GBX,371.82,536,16,3.08%
CTUK,CT UK CAP AND INC INV TRUST PLC ORD 25P,GBX,348.83,368,-,-
CTY,CITY OF LONDON INVESTMENT TRUST PLC ORD 25P,GBX,"2,930.22",576,-1,-0.17%
CURY,CURRYS PLC ORD 0.1P,GBX,"1,728.47",156.8,0.8,0.51%
CVCG,CVC INCOME & GROWTH LIMITED ORD NPV GBP,GBX,224.11,116.25,-,-
CWK,CRANSWICK PLC ORD 10P,GBX,"2,936.62","5,370.00",-40,-0.74%
CWR,CERES POWER HOLDINGS PLC ORD 10P,GBX,580.24,284.8,-13.2,-4.43%
CYN,CQS NATURAL RES GROWTH & INCOME PLC ORD 25P,GBX,154.83,426,4,0.95%
DCC,DCC PLC ORD EUR0.25 (CDI),GBX,"4,424.92","5,140.00",-40,-0.77%
DFS,DFS FURNITURE PLC ORD GBP0.10,GBX,448.4,191,1,0.53%
DGE,DIAGEO PLC ORD 28 101/108P,GBX,"41,211.38","1,844.00",-7,-0.38%
DGI9,DIGITAL 9 INFRASTRUCTURE PLC ORD NPV,GBX,46.2,5.3,-0.04,-0.75%
DIG,DUNEDIN INCOME GROWTH INV TST PLC ORD 25P,GBX,366.04,305,-,-
DIVI,DIVERSE INCOME TRUST (THE) PLC ORD 0.1P,GBX,193.01,118,-,-
DLN,DERWENT LONDON PLC ORD 5P,GBX,"2,011.13","1,774.00",-17,-0.95%
DNLM,DUNELM GROUP PLC ORD 1P,GBX,"1,974.21",979.5,3.5,0.36%
DOCS,DR. MARTENS PLC ORD GBP0.01,GBX,658.74,69.05,0.95,1.40%
DOM,DOMINO'S PIZZA GROUP PLC ORD 25/48P,GBX,778.2,203.4,1.2,0.59%
DPLM,DIPLOMA PLC ORD 5P,GBX,"7,568.79","5,650.00",15,0.27%
DRX,DRAX GROUP PLC ORD 11 16/29P,GBX,"2,932.36",866.5,-0.5,-0.06%
DSCV,DISCOVERIE GROUP PLC ORD 5P,GBX,648.39,667,1,0.15%
ECEL,EUROCELL PLC ORD GBP0.001,GBX,126.57,132,4.5,3.53%
ECOR,ECORA ROYALTIES PLC ORD 2P,GBX,346.66,140.4,1.2,0.86%
EDIN,EDINBURGH INV TST PLC ORD 25P,GBX,"1,098.73",812,-5,-0.61%
EDV,ENDEAVOUR MINING PLC ORD USD0.01,GBX,"11,361.27","4,880.00",170,3.61%
EGL,ECOFIN GLBL UTIL & INF TST PLC ORD 1P,GBX,245.66,260,-2,-0.76%
ELIX,ELIXIRR INTERNATIONAL PLC ORD 0.005P,GBX,337.21,682,8,1.19%
ELM,ELEMENTIS PLC ORD 5P,GBX,963.26,167.8,-1.4,-0.83%
EMG,MAN GROUP PLC ORD USD0.0342857142,GBX,"3,145.43",271.6,-1.6,-0.59%
ENOG,ENERGEAN PLC ORD 1P,GBX,"1,672.35",898,-9.5,-1.05%
ENQ,ENQUEST PLC ORD 5P,GBX,284.64,15.48,0.42,2.79%
ENRG,VH GLOBAL ENERGY INFRASTRUCTURE PLC ORD 1P,GBX,292.89,74.2,0.2,0.27%
ENT,ENTAIN PLC ORD EUR0.01,GBX,"3,718.66",582.2,0.8,0.14%
EOT,EUROPEAN OPPORTUNITIES TRUST PLC ORD 1P,GBX,416.2,879,-13,-1.46%
ESCT,THE EUROPEAN SMALLER CO'S TST PLC ORD 1.5625P,GBX,782.72,223.5,-,-
ESNT,ESSENTRA PLC ORD 25P,GBX,309.38,108,-0.6,-0.55%
EVOK,EVOKE PLC ORD 0.5P (DI),GBX,135.5,29.8,-0.3,-1.00%
EWG,W.A.G PAYMENT SOLUTIONS PLC ORD 1P,GBX,834.38,120.5,-,-
EWI,EDINBURGH WORLDWIDE INV TRUST PLC ORD 1P,GBX,812.83,233.5,-1.5,-0.64%
EXPN,EXPERIAN PLC ORD USD0.10,GBX,"23,637.11","2,597.00",5,0.19%
EZJ,EASYJET PLC ORD 27 2/7P,GBX,"3,592.21",473.4,-0.5,-0.11%
FAN,VOLUTION GROUP PLC ORD GBP0.01,GBX,"1,386.89",692,-7,-1.00%
FAS,FIDELITY ASIAN VALUES PLC ORD 25P,GBX,419.68,658,-,-
FCH,FUNDING CIRCLE HOLDINGS PLC ORD 0.1P,GBX,452.31,148.4,-2,-1.33%
FCIT,F&C INVESTMENT TRUST PLC ORD 25P,GBX,"6,073.21","1,280.00",-2,-0.16%
FCSS,FIDELITY CHINA SPEC. SITUATION PLC ORD 1P,GBX,"1,507.29",321,1.5,0.47%
FDM,FDM GROUP (HOLDINGS) PLC ORD 1P,GBX,156.47,142.6,-,-
FEML,FIDELITY EMERGING MARKETS LIMITED PTG NPV,GBX,543.57,"1,272.00",12,0.95%
FEV,FIDELITY EUROPEAN TRUST PLC ORD 2.5P,GBX,"2,252.48",438.5,-2,-0.45%
FGEN,FORESIGHT ENVIRONMENTAL INFRASTRUCT ORD NPV,GBX,418.88,67.8,0.6,0.89%
FGP,FIRSTGROUP PLC ORD 5P,GBX,"1,073.31",191.4,0.6,0.31%
FGT,FINSBURY GROWTH & INCOME TRUST PLC ORD 25P,GBX,874.16,770,-1,-0.13%
FORT,FORTERRA PLC ORD 1P,GBX,412.41,191.6,-2.2,-1.14%
FOUR,4IMPRINT GROUP PLC ORD 38 6/13P,GBX,"1,135.35","3,995.00",-35,-0.87%
FOXT,FOXTONS GROUP PLC ORD 1P,GBX,144.72,49.4,0.3,0.61%
FRAS,FRASERS GROUP PLC ORD 10P,GBX,"3,170.94",713,7,0.99%
FRES,FRESNILLO PLC ORD USD0.50,GBX,"28,399.88","4,040.00",186,4.83%
FRGT,FRANKLIN GLOBAL TRUST PLC ORD 5P,GBX,168.25,350,-,-
FSFL,FORESIGHT SOLAR FUND LD ORD NPV,GBX,338.5,60.9,-0.8,-1.30%
FSG,FORESIGHT GROUP HOLDINGS LIMITED ORD NPV,GBX,474.69,415.5,0.5,0.12%
FSJ,FISHER(JAMES)& SONS PLC ORD 25P,GBX,252.59,499,1,0.20%
FSTA,"FULLER,SMITH & TURNER PLC 'A' ORD 40P",GBX,227.21,728,14,1.96%
FSV,FIDELITY SPECIAL VALUES PLC ORD 5P,GBX,"1,471.67",454.5,-,-
FUTR,FUTURE PLC ORD 15P,GBX,402.14,423.2,-2.4,-0.56%
FVA,FEVARA PLC ORD 2.5P,GBX,69.11,133.5,-,-
FXPO,FERREXPO PLC ORD 10P,GBX,425.87,70.7,-0.5,-0.70%
GABI,GCP ASSET BACKED INCOME FUND LTD ORD NPV,GBX,113.97,66.2,-0.1,-0.15%
GAMA,GAMMA COMMUNICATIONS PLC ORD 0.25P,GBX,805.26,883,4,0.46%
GAW,GAMES WORKSHOP GROUP PLC ORD 5P,GBX,"5,733.07","17,400.00",50,0.29%
GBG,GB GROUP PLC ORD 2.5P,GBX,471.31,194.2,-5.8,-2.90%
GCP,GCP INFRASTRUCTURE INVESTMENTS LD ORD 1P,GBX,640.58,76.4,-0.5,-0.65%
GDWN,GOODWIN PLC ORD 10P,GBX,"1,884.91","25,100.00",-,-
GEN,GENUIT GROUP PLC ORD GBP0.001,GBX,957.3,376,-5,-1.31%
GFRD,GALLIFORD TRY HOLDINGS PLC ORD 50P,GBX,580.15,570,-7,-1.21%
GFTU,GRAFTON GROUP PLC UT (1 ORD) (CDI),GBX,"1,889.37",979.9,-7.6,-0.77%
GLE,MJ GLEESON PLC ORD 2P,GBX,204.5,348,-2,-0.57%
GLEN,GLENCORE PLC ORD USD0.01,GBX,"59,498.25",513.5,6.5,1.28%
GMS,GULF MARINE SERVICES PLC ORD 2P,GBX,273.06,23.35,-0.35,-1.48%
GNC,GREENCORE GROUP PLC ORD 1P (CDI),GBX,"2,136.76",266,-,-
GNS,GENUS PLC ORD 10P,GBX,"2,085.98","3,140.00",5,0.16%
GOT,GLOBAL OPPORTUNITIES TRUST PLC ORD 1P,GBX,102.28,350,-,-
GPE,GREAT PORTLAND ESTATES PLC ORD 15 5/19P,GBX,"1,379.01",338.5,-1,-0.30%
GRG,GREGGS PLC ORD 2P,GBX,"1,629.96","1,596.00",2,0.13%
GRI,GRAINGER PLC ORD 5P,GBX,"1,422.41",191.2,-0.6,-0.31%
GROW,MOLTEN VENTURES PLC ORD GBP0.01,GBX,832.91,468.8,-8,-1.68%
GSCT,THE GLOBAL SMALLER CO'S TRUST PLC ORD 2.5P,GBX,815.58,192,-0.8,-0.42%
GSF,GORE STREET ENERGY STORAGE FUND PLC ORD GBP0.01,GBX,274.77,54.1,-0.3,-0.55%
GSK,GSK PLC ORD 31 1/4P,GBX,"90,178.68","2,195.00",-18,-0.81%
GYM,THE GYM GROUP PLC ORD 0.01P,GBX,315.28,177,1,0.57%
HAS,HAYS PLC ORD 1P,GBX,736.24,46.36,0.32,0.70%
HBR,HARBOUR ENERGY PLC ORD 0.002P,GBX,"3,573.34",226.8,0.6,0.27%
HEAD,HEADLAM GROUP PLC ORD 5P,GBX,33.96,42.2,0.2,0.48%
HFD,HALFORDS GROUP PLC ORD 1P,GBX,323.14,147.8,0.2,0.14%
HFEL,HENDERSON FAR EAST INCOME LD ORD NPV,GBX,521.35,261.5,-2,-0.76%
HFG,HILTON FOOD GROUP PLC ORD 10P,GBX,472.27,527,2,0.38%
HGT,HG CAPITAL TRUST PLC ORD 2.5P,GBX,"2,021.91",440,-2.5,-0.57%
HHI,HENDERSON HIGH INCOME TRUST PLC ORD 5P,GBX,354.29,208,-1,-0.48%
HICL,HICL INFRASTRUCTURE PLC ORD 0.01P,GBX,"2,294.69",121.2,0.6,0.50%
HIK,HIKMA PHARMACEUTICALS PLC ORD SHS 10P,GBX,"3,623.41","1,611.00",-22,-1.35%
HILS,HILL & SMITH PLC ORD 25P,GBX,"1,927.30","2,440.00",15,0.62%
HLCL,HELICAL PLC ORD 1P,GBX,244.2,199.6,1.6,0.81%
HLMA,HALMA PLC ORD 10P,GBX,"14,935.25","3,934.00",-,-
HLN,HALEON PLC ORD GBP0.01,GBX,"36,473.33",409.2,-0.3,-0.07%
HMSO,HAMMERSON PLC ORD 5P,GBX,"1,902.14",358.4,0.6,0.17%
HOC,HOCHSCHILD MINING PLC ORD 1P,GBX,"3,788.99",768.5,32,4.35%
HRI,HERALD INV TST PLC ORD 25P,GBX,"1,225.18","2,530.00",-30,-1.17%
HSBA,HSBC HLDGS PLC ORD $0.50 (UK REG),GBX,"221,560.59","1,301.00",11,0.85%
HSL,HENDERSON SMALLER COS INV TST PLC ORD 25P,GBX,536.95,929,-1,-0.11%
HSW,HOSTELWORLD GROUP PLC ORD EUR0.01,GBX,134.17,108,-,-
HSX,HISCOX LD ORD 6.5P (DI),GBX,"4,755.90","1,460.00",-4,-0.27%
HTG,HUNTING PLC ORD 25P,GBX,797.22,512,-3,-0.58%
HTWS,HELIOS TOWERS PLC ORD 1P,GBX,"2,064.55",198.4,-,-
HVPE,HARBOURVEST GLOBAL PRIVATE EQUITY L ORD NPV,GBX,"2,244.73","3,095.00",-35,-1.12%
HWDN,HOWDEN JOINERY GROUP PLC ORD 10P,GBX,"4,662.67",863,-2,-0.23%
HWG,HARWORTH GROUP PLC ORD 10P,GBX,542.59,168,1.5,0.90%
IAD,INVESCO ASIA DRAGON TRUST PLC ORD 10P,GBX,911.33,453,3,0.67%
IAG,INTL CONSOLIDATED AIRLINES GROUP SA ORD EUR0.10 (CDI),GBX,"19,981.57",439.7,2,0.46%
IBST,IBSTOCK PLC ORD 1P,GBX,530.48,134,-0.4,-0.30%
IBT,INTERNATIONAL BIOTECHNOLOGY TST PLC ORD 25P,GBX,290.95,912,-,-
ICG,ICG PLC ORD 26 1/4P,GBX,"5,051.33","1,714.00",-24,-1.38%
ICGT,ICG ENTERPRISE TRUST PLC ORD 10P,GBX,933.82,"1,512.00",-,-
IEM,IMPAX ENVIRONMENTAL MARKETS PLC ORD 10P,GBX,831.14,435.5,-1,-0.23%
IGC,INDIA CAPITAL GROWTH FUND LD ORD 1P,GBX,106.74,162,2,1.25%
IGET,INVESCO GLBL EQUITY INC TRUST PLC ORD 1P,GBX,308.72,388,-3,-0.77%
IGG,IG GROUP HOLDINGS PLC ORD 0.005P,GBX,"4,571.73","1,351.00",-11,-0.81%
IHG,INTERCONTINENTAL HOTELS GROUP PLC ORD 20 340/399P,USD,"15,923.55",142.65,0.55,0.39%
IHP,INTEGRAFIN HOLDINGS PLC ORD 1P,GBX,"1,053.60",317,-1,-0.31%
III,3I GROUP PLC ORD 73 19/22P,GBX,"34,829.54","3,378.00",-21,-0.62%
IMB,IMPERIAL BRANDS PLC ORD 10P,GBX,"25,536.58","3,242.00",12,0.37%
IMI,IMI PLC ORD 28 4/7P,GBX,"7,173.12","2,894.00",-10,-0.34%
INCH,INCHCAPE PLC ORD 10P,GBX,"3,171.55",883.5,-1.5,-0.17%
INF,INFORMA PLC ORD 0.1P,GBX,"10,668.70",830,-1.8,-0.22%
INOV,SCHRODERS CAPITAL GLOBAL INNOVATION ORD 1P,GBX,91.49,14.4,-,-
INPP,INTERNATIONAL PUBLIC PARTNERSHIP LD ORD 0.01P,GBX,"2,331.04",129,-0.2,-0.16%
INVP,INVESTEC PLC ORD GBP0.0002,GBX,"4,120.76",642.5,-0.5,-0.08%
IPF,INTERNATIONAL PERSONAL FINANCE PLC ORD 10P,GBX,521.04,237.5,0.5,0.21%
IPO,IP GROUP PLC ORD 2P,GBX,512.39,58.2,0.2,0.35%
ITH,ITHACA ENERGY PLC ORD 1P,GBX,"3,340.54",202.5,0.5,0.25%
ITRK,INTERTEK GROUP PLC ORD 1P,GBX,"6,997.74","4,568.00",22,0.48%
ITV,ITV PLC ORD 10P,GBX,"3,059.21",80.55,-0.1,-0.12%
IWG,INTERNATIONAL WORKPLACE GROUP PLC ORD USD0.0124,GBX,"2,260.04",227.6,-1,-0.44%
JAGI,JPMORGAN ASIA GROWTH & INCOME PLC ORD 25P,GBX,353.44,524,-1,-0.19%
JAM,JPMORGAN AMERICAN IT PLC ORD 5P,GBX,"1,901.36","1,124.00",-2,-0.18%
JARA,JPMORGAN GLOBAL CORE REAL ASSETS LI ORD NPV,GBX,40.76,77,1,1.32%
JCGI,JPMORGAN CHINA GROWTH & INCOME PLC ORD 25P,GBX,243.85,303.5,9.5,3.23%
JCH,JPMORGAN CLAVERHOUSE IT PLC ORD 25P,GBX,495.5,904,-4,-0.44%
JD.,JD SPORTS FASHION PLC ORD 0.05P,GBX,"3,867.04",82.28,4.1,5.24%
JDW,WETHERSPOON(J.D.) PLC ORD 2P,GBX,834.21,750.5,-6,-0.79%
JEDT,JPMORGAN EURO DISCOVERY TRUST PLC ORD 5P,GBX,610.61,652,-,-
JEGI,JPMORGAN EUROPEAN GROWTH & INCOME ORD 0.5P,GBX,631.44,150.5,1,0.67%
JEMA,JPMORGAN EMERGING EMEA SECS PLC ORD 1P,GBX,101.9,240,-12,-4.76%
JEMI,JPMORGAN EMG MKTS DIVIDEND INC PLC ORD 1P,GBX,525.74,199,-1,-0.50%
JFJ,JPMORGAN JAPANESE INV. TRUST PLC ORD 25P,GBX,"1,312.81",827,-2,-0.24%
JGGI,JPMORGAN GLOBAL GWTH & INC PLC ORD 5P,GBX,"3,236.77",583,-2,-0.34%
JIGI,JPMORGAN INDIA GROWTH & INCOME PLC ORD 25P,GBX,438.75,966,-13,-1.33%
JMAT,JOHNSON MATTHEY PLC ORD 110 49/53P,GBX,"3,872.00","1,935.00",-369,-16.02%
JMGI,JPMORGAN EMERGING MKTS GRW INC PLC ORD 2.5P,GBX,"1,444.77",150.8,0.2,0.13%
JSG,JOHNSON SERVICE GROUP PLC ORD 10P,GBX,551.58,144.6,-1.4,-0.96%
JTC,JTC PLC ORD GBP0.01,GBX,"2,241.02","1,300.00",-,-
JUGI,JPMORGAN UK SMALL CAP GROWTH & INC ORD 5P,GBX,447.9,357,-1,-0.28%
JUP,JUPITER FUND MANAGEMENT PLC ORD 2P,GBX,999.11,186.8,-2.2,-1.16%
JUSC,JPMORGAN US SMALLER CO. INV TST PLC ORD 2.5P,GBX,223.21,417,-5,-1.19%
JUST,JUST GROUP PLC ORD 10P,GBX,"2,253.99",217,-,-
KGF,KINGFISHER PLC ORD 15 5/7P,GBX,"6,012.63",357.2,2.3,0.65%
KIE,KIER GROUP PLC ORD 1P,GBX,"1,115.79",248.5,-4,-1.58%
KLR,KELLER GROUP PLC ORD 10P,GBX,"1,415.99","2,020.00",-,-
KMR,KENMARE RESOURCES PLC ORD EUR0.001 (CDI),GBX,236.01,266.5,2,0.76%
KNOS,KAINOS GROUP PLC ORD 0.5P,GBX,849.99,706.5,-10,-1.40%
LABS,LIFE SCIENCE REIT PLC ORD GBP0.01,GBX,149.45,44.3,1.6,3.75%
LAND,LAND SECURITIES GROUP PLC ORD 10 2/3P,GBX,"4,980.53",666.5,-2,-0.30%
LGEN,LEGAL & GENERAL GROUP PLC ORD 2 1/2P,GBX,"15,657.22",278.1,3.3,1.20%
LIO,LIONTRUST ASSET MANAGEMENT PLC ORD 1P,GBX,157.15,254,1.5,0.59%
LLOY,LLOYDS BANKING GROUP PLC ORD 10P,GBX,"61,312.42",104.85,0.7,0.67%
LMP,LONDONMETRIC PROPERTY PLC ORD 10P,GBX,"5,007.65",213,-0.6,-0.28%
LRE,LANCASHIRE HOLDINGS LD COM SHS USD0.50,GBX,"1,620.23",664,-,-
LSEG,LONDON STOCK EXCHANGE GROUP PLC ORD SHS 6 79/86P,GBX,"39,944.22","7,822.00",-82,-1.04%
LSL,LSL PROPERTY SERVICES PLC ORD 0.2P,GBX,262.88,258,-2,-0.77%
LTI,LINDSELL TRAIN INVESTMENT TRUST PLC ORD 0.75P,GBP,124.8,6.12,-0.12,-1.92%
LUCE,LUCECO PLC ORD GBP0.0005,GBX,292.66,181.8,-0.2,-0.11%
LWDB,LAW DEBENTURE CORPORATION PLC ORD 5P,GBX,"1,588.30","1,186.00",-,-
LWI,LOWLAND INV CO PLC ORD 2.5P,GBX,399.25,181.5,-,-
MAB,MITCHELLS & BUTLERS PLC ORD 8 13/24P,GBX,"1,771.77",291.5,-4,-1.35%
MACF,MACFARLANE GROUP PLC ORD 25P,GBX,114.27,72,-0.8,-1.10%
MAJE,MAJEDIE INV PLC 10P,GBX,149.46,276,-6,-2.13%
MARS,MARSTON'S PLC ORD 7.375P,GBX,384.91,60.4,-0.2,-0.33%
MCB,MCBRIDE PLC ORD 10P,GBX,294.23,167.4,1.2,0.72%
MCG,MOBICO GROUP PLC ORD 5P,GBX,142.1,23.48,0.34,1.47%
MEGP,ME GROUP INTERNATIONAL PLC ORD 0.5P,GBX,543.92,143.8,-0.2,-0.14%
MER,MEARS GROUP PLC ORD 1P,GBX,308.28,357.5,1,0.28%
MGAM,MORGAN ADVANCED MATERIALS PLC ORD 25P,GBX,659.87,238.5,-,-
MGCI,M&G CREDIT INCOME INVESTMENT TRUST ORD 1P,GBX,194.27,94.4,-,-
MGNS,MORGAN SINDALL GROUP PLC ORD 5P,GBX,"2,655.70","5,470.00",-60,-1.09%
MIGO,MIGO OPPORTUNITIES TRUST PLC ORD 1P,GBX,68.86,399.5,-,-
MKS,MARKS & SPENCER GROUP PLC ORD 1P,GBX,"8,169.19",400.3,3.2,0.81%
MMIT,MOBIUS INVESTMENT TRUST PLC ORD 1P,GBX,95.58,147,1.5,1.03%
MNDI,MONDI PLC ORD EUR 0.22,GBX,"4,089.25",903.8,-22.6,-2.44%
MNG,M&G PLC ORD £0.05,GBX,"7,767.60",323.9,1.5,0.47%
MNKS,MONKS INV TST PLC ORD 5P,GBX,"2,443.77","1,512.00",-8,-0.53%
MNL,MANCHESTER & LONDON INV TST PLC ORD 25P,GBX,304.96,802,-,-
MONY,MONY GROUP PLC ORD 0.02P,GBX,801.38,158.5,5.6,3.66%
MOON,MOONPIG GROUP PLC ORD 10P,GBX,661.88,214.5,1,0.47%
MOTR,MOTORPOINT GROUP PLC ORD 1P,GBX,114.98,131,-6.5,-4.73%
MRC,MERCANTILE INVESTMENT TST (THE) PLC ORD 2.5P,GBX,"1,832.51",269.5,-0.5,-0.19%
MRCH,MERCHANTS TRUST PLC ORD 25P,GBX,967.73,652,-,-
MRO,MELROSE INDUSTRIES PLC ORD GBP0.001,GBX,"8,433.70",667,-6,-0.89%
MSLH,MARSHALLS PLC ORD 25P,GBX,447.75,175.2,-1.8,-1.02%
MTE,MONTANARO EUROPEAN SMALLER C.TSTPLC ORD 5P,GBX,220.57,167.5,-1.5,-0.89%
MTLN,METLEN ENERGY & METALS PLC ORD EUR1.00,EUR,"4,407.92",35,-0.3,-0.85%
MTO,MITIE GROUP PLC ORD 2.5P,GBX,"2,411.82",180.4,-2.6,-1.42%
MTRO,METRO BANK HOLDINGS PLC ORD 0.0001P,GBX,871.24,129,-0.4,-0.31%
MTU,MONTANARO UK SMLR COS INV TST PLC ORD 2P,GBX,122.28,105,-,-
MUT,MURRAY INCOME TRUST PLC ORD 25P,GBX,912.77,954,-9,-0.94%
MWY,MID WYND INTL INV TST PLC ORD 5P,GBX,227.25,738,-4,-0.54%
MYI,MURRAY INTERNATIONAL TRUST PLC ORD 5P,GBX,"2,155.30",363.5,-1,-0.27%
N91,NINETY ONE PLC ORD £0.0001,GBX,"1,675.37",249.4,0.2,0.08%
NAIT,NORTH AMERICAN INCOME TST (THE) PLC ORD 5P,GBX,462.38,403,-,-
NAS,NORTH ATLANTIC SMALL CO INV TST PLC ORD 0.5P,GBX,474.06,364,-2,-0.55%
NAVF,NIPPON ACTIVE VALUE FUND PLC ORD £0.01,GBX,462.04,241,1,0.42%
NBPE,NB PRIVATE EQUITY PARTNERS LD ORD USD0.01,GBX,631.06,"1,486.00",8,0.54%
NCC,NCC GROUP PLC ORD 1P,GBX,405.52,127.4,-5.4,-4.07%
NCYF,CQS NEW CITY HIGH YIELD FUND LD ORD NPV,GBX,347.48,50.4,-1.2,-2.33%
NESF,NEXTENERGY SOLAR FUND LIMITED RED ORD NPV,GBX,285.87,49.05,-0.65,-1.31%
NG.,NATIONAL GRID PLC ORD 12 204/473P,GBX,"66,913.58","1,345.00",-1,-0.07%
NRR,NEWRIVER REIT PLC ORD 1P,GBX,328.87,76.6,0.2,0.26%
NWG,NATWEST GROUP PLC ORD 107.69P,GBX,"49,120.85",613.6,-2,-0.33%
NXR,NORCROS PLC ORD 10P,GBX,313.92,349,-,-
NXT,NEXT PLC ORD 10P,GBX,"15,831.13","13,095.00",115,0.89%
OCDO,OCADO GROUP PLC ORD 2P,GBX,"1,973.29",236.8,1.8,0.77%
OCI,OAKLEY CAPITAL INVESTMENTS LD ORD 1P (DI),GBX,892.88,538,2,0.37%
OIG,ORYX INTERNATIONAL GROWTH FUND LD ORD 50P,GBX,192.85,"1,360.00",-17.5,-1.27%
OIT,ODYSSEAN INVESTMENT TRUST PLC ORD 1P,GBX,258.79,185,-3,-1.60%
ONT,OXFORD NANOPORE TECHNOLOGIES PLC ORD GBP0.0001,GBX,"1,314.99",131.9,-4.1,-3.02%
ORIT,OCTOPUS RENEWABLES INFRASTRUCTURE T ORD 1P,GBX,284.36,53.3,-0.6,-1.11%
OSB,OSB GROUP PLC ORD 1P,GBX,"2,146.08",605,-2.5,-0.41%
OTB,ON THE BEACH GROUP PLC ORD 1P,GBX,290.53,200.5,-,-
OXB,OXFORD BIOMEDICA PLC ORD 50P,GBX,957.32,768,-24,-3.03%
OXIG,OXFORD INSTRUMENTS PLC ORD 5P,GBX,"1,472.95","2,620.00",-15,-0.57%
PAC,PACIFIC ASSETS TRUST PLC ORD 12.5P,GBX,451.34,395,-,-
PAF,PAN AFRICAN RESOURCES PLC ORD 1P,GBX,"3,405.89",173.2,5.2,3.10%
PAG,PARAGON BANKING GROUP PLC ORD 100P,GBX,"1,647.85",865.5,1.5,0.17%
PAGE,PAGEGROUP PLC ORD 1P,GBX,644.75,197,0.8,0.41%
PAY,PAYPOINT PLC ORD 0.3611P,GBX,348.48,558,-5,-0.89%
PBEE,PENSIONBEE GROUP PLC ORD GBP0.001,GBX,366.38,153.5,-0.5,-0.33%
PCA,PALACE CAPITAL PLC ORD 10P,GBX,41.66,206,-,-
PCFT,POLAR CAPITAL GLOBAL FIN. TST PLC ORD 5P,GBX,380.73,232.5,-1.5,-0.64%
PCGH,POLAR CAPITAL GLOBAL HEALTH.TST PLC ORD 25P,GBX,408.95,415,-2,-0.48%
PCT,POLAR CAPITAL TECHNOLOGY TRUST PLC ORD 2.5P,GBX,"5,759.09",514,-2,-0.39%
PCTN,PICTON PROPERTY INCOME LD ORD NPV,GBX,451.65,87.7,-0.2,-0.23%
PETS,PETS AT HOME GROUP PLC ORD 1P,GBX,"1,004.88",222.8,-1.2,-0.54%
PEY,PARTNERS GROUP PRIVATE EQUITY LD ORD EUR0.001 (EUR),EUR,564.11,9.54,0.04,0.42%
PFD,PREMIER FOODS PLC ORD 10P,GBX,"1,718.48",197.4,-0.4,-0.20%
PHAR,PHAROS ENERGY PLC ORD 5P,GBX,100.33,24,-0.1,-0.42%
PHI,PACIFIC HORIZON INV TST PLC ORD 10P,GBX,791.72,956,1,0.11%
PHNX,PHOENIX GROUP HOLDINGS PLC ORD 10P,GBX,"7,723.21",768,0.5,0.07%
PHP,PRIMARY HEALTH PROPERTIES PLC ORD 12.5P,GBX,"2,781.94",107.1,-0.1,-0.09%
PIN,PANTHEON INTERNATIONAL PLC ORD 6.7P,GBX,"1,591.38",367,-2.5,-0.68%
PINE,PINEWOOD TECHNOLOGIES GROUP PLC ORD GBP1.00,GBX,360.26,314,1,0.32%
PINT,PANTHEON INFRASTRUCTURE PLC ORD GBP0.01,GBX,543.61,116.5,0.5,0.43%
PLUS,PLUS500 LTD ORD ILS0.01 (DI),GBX,"3,049.49","4,302.00",-46,-1.06%
PNL,PERSONAL ASSETS TRUST PLC ORD GBP0.125,GBX,"1,730.60",550,-,-
PNN,PENNON GROUP PLC ORD 61 1/20P,GBX,"2,753.98",580.5,-3,-0.51%
POLN,POLLEN STREET GROUP LIMITED ORD GBP0.01,GBX,532.21,890,-,-
PPET,PATRIA PRIVATE EQUITY TRUST PLC ORD 0.2P,GBX,911.67,625,7,1.13%
PPH,PPHE HOTEL GROUP LD ORD NPV,GBX,823.73,"1,976.00",8,0.41%
PRN,PRINCES GROUP PLC ORD GBP0.10,GBX,"1,049.78",433,4,0.93%
PRTC,PURETECH HEALTH PLC ORD 1P,GBX,306.94,124.6,-2.4,-1.89%
PRU,PRUDENTIAL PLC ORD 5P,GBX,"28,746.06","1,146.50",13.5,1.19%
PRV,PORVAIR PLC ORD 2P,GBX,385.95,830,-,-
PSDL,PHOENIX SPREE DEUTSCHLAND LIMITED SHS NPV,GBX,160.47,174.75,-,-
PSH,PERSHING SQUARE HOLDINGS LTD ORD NPV,GBX,"7,780.17","4,440.00",12,0.27%
PSN,PERSIMMON PLC ORD 10P,GBX,"4,928.16","1,528.50",-8,-0.52%
PSON,PEARSON PLC ORD 25P,GBX,"5,861.11",928.4,0.4,0.04%
PTEC,PLAYTECH PLC ORD NPV,GBX,"1,073.25",344,-3,-0.87%
PZC,PZ CUSSONS PLC ORD 1P,GBX,379.85,87.3,-1.3,-1.47%
QLT,QUILTER PLC ORD 8 1/6P,GBX,"2,642.53",193.5,5.3,2.82%
QQ.,QINETIQ GROUP PLC ORD 1P,GBX,"2,724.50",510.5,-5.5,-1.07%
RAT,RATHBONES GROUP PLC ORD 5P,GBX,"1,981.34","2,170.00",-15,-0.69%
RCH,REACH PLC ORD 10P,GBX,227.61,71.3,-0.2,-0.28%
RCP,RIT CAPITAL PARTNERS PLC ORD £1,GBX,"3,053.95","2,200.00",-10,-0.45%
REC,RECORD PLC ORD 0.025P,GBX,112.66,57.2,0.6,1.06%
RECI,REAL ESTATE CREDIT INV. LD ORD NPV,GBX,283.77,128,-,-
REL,RELX PLC ORD 14 51/116P,GBX,"41,954.81","2,304.00",-18,-0.78%
RESI,RESIDENTIAL SECURE INCOME PLC ORD GBP0.01,GBX,102.95,55.8,0.2,0.36%
RGL,REGIONAL REIT LD ORD NPV,GBX,164.36,101.2,-0.2,-0.20%
RHIM,RHI MAGNESITA N.V. ORD EUR1.00 (DI),GBX,"1,509.01","3,210.00",20,0.63%
RICA,RUFFER INVESTMENT COMPANY LD RED PTG PREF SHS 0.01P,GBX,904.83,306,-0.5,-0.16%
RIII,RIGHTS & ISSUES INV TST PLC ORD 25P,GBX,110.19,"2,305.00",-,-
RIO,RIO TINTO PLC ORD 10P,GBX,"89,343.74","7,113.00",-9,-0.13%
RKT,RECKITT BENCKISER GROUP PLC ORD 10 5/12P,GBX,"41,367.38","6,352.00",-64,-1.00%
RKW,ROCKWOOD STRATEGIC PLC ORD 5P,GBX,166.47,306,2,0.66%
RM.,RM PLC ORD 2 2/7P,GBX,101.03,102,-1,-0.97%
RMII,RM INFRASTRUCTURE INCOME PLC ORD 1P,GBX,47.03,62,-,-
RMV,RIGHTMOVE PLC ORD 0.1P,GBX,"3,300.99",435.3,2.4,0.55%
RNK,RANK GROUP PLC ORD 13 8/9P,GBX,438.45,93.3,-0.3,-0.32%
ROR,ROTORK PLC ORD 0.5P,GBX,"3,179.74",383.8,-1.8,-0.47%
RPI,RASPBERRY PI HOLDINGS PLC ORD 0.25P,GBX,740.93,403.4,20.8,5.44%
RR.,ROLLS-ROYCE HOLDINGS PLC ORD SHS 20P,GBX,"112,602.43","1,322.50",-13.5,-1.01%
RS1,RS GROUP PLC ORD 10P,GBX,"3,304.12",693.5,-3.5,-0.50%
RSE,RIVERSTONE ENERGY LIMITED ORD NPV,GBX,54.86,748,-,-
RSW,RENISHAW PLC ORD 20P,GBX,"3,097.15","4,280.00",25,0.59%
RTO,RENTOKIL INITIAL PLC ORD 1P,GBX,"11,670.30",466.6,4.6,1.00%
RTW,RTW BIOTECH OPPORTUNITIES LTD ORD NPV,USD,507.67,2.08,-0.02,-0.95%
RWA,ROBERT WALTERS PLC ORD 20P,GBX,90.45,126,1,0.80%
SAFE,SAFESTORE HOLDINGS PLC ORD 1P,GBX,"1,747.92",794,-6,-0.75%
SAGA,SAGA PLC ORD 15P,GBX,796.71,559,9,1.64%
SAIN,SCOTTISH AMERICAN INV CO PLC ORD 25P,GBX,857.65,523,-3,-0.57%
SBRE,SABRE INSURANCE GROUP PLC ORD GBP0.001P,GBX,332.91,135.6,0.6,0.44%
SBRY,SAINSBURY(J) PLC ORD 28 4/7P,GBX,"8,040.38",355.2,-,-
SCF,SCHRODER INCOME GROWTH FUND PLC ORD 10P,GBX,242.66,360,-,-
SCP,SCHRODER UK MID CAP FD PLC ORD 25P,GBX,255.53,756,-,-
SCT,SOFTCAT PLC ORD £0.0005,GBX,"2,230.20","1,110.00",-23,-2.03%
SDP,SCHRODER ASIA PACIFIC FUND ORD 10P,GBX,955.12,738,1,0.14%
SDR,SCHRODERS PLC ORD 20P,GBX,"9,438.77",586.5,0.5,0.09%
SDY,SPEEDY HIRE PLC ORD 5P,GBX,115.69,25,-0.05,-0.20%
SEC,STRATEGIC EQUITY CAPITAL PLC ORD 10P,GBX,151.25,403.5,-,-
SEIT,SDCL EFFICIENCY INCOME TRUST PLC ORD GBP0.01,GBX,515.57,47.3,-0.2,-0.42%
SEQI,SEQUOIA ECONOMIC INFRASTRUCTURE INC ORD NPV,GBX,"1,219.73",82,-,-
SERE,SCHRODER EUROPEAN REIT PLC ORD GBP0.10,GBX,84.63,63.2,-1.2,-1.86%
SFR,SEVERFIELD PLC ORD 2.5P,GBX,90.93,32,1.3,4.24%
SGE,THE SAGE GROUP PLC ORD 1 4/77P,GBX,"7,728.55",809.2,-10,-1.22%
SGRO,SEGRO PLC ORD 10P,GBX,"11,017.45",809.4,-4.6,-0.57%
SHAW,SHAWBROOK GROUP PLC ORD GBP0.005,GBX,"2,338.59",449.5,-0.5,-0.11%
SHC,SHAFTESBURY CAPITAL PLC ORD 25P,GBX,"2,900.47",148.9,0.4,0.27%
SHEL,SHELL PLC ORD EUR0.07,GBX,"166,727.12","2,940.50",-,-
SHI,SIG PLC ORD 10P,GBX,121.46,10.1,-0.18,-1.75%
SHRS,SHIRES INCOME PLC ORD 50P,GBX,126.91,322,-,-
SJG,SCHRODER JAPAN TRUST PLC ORD 10P,GBX,412.21,362,2,0.56%
SMIF,TWENTYFOUR SELECT MONTHLY INCOME FD ORD 1P,GBX,305.93,87.8,-,-
SMIN,SMITHS GROUP PLC ORD 37.5P,GBX,"8,501.38","2,702.00",-2,-0.07%
SMT,SCOTTISH MORTGAGE INV TST PLC ORD 5P,GBX,"13,605.51","1,254.00",-4,-0.32%
SMWH,WH SMITH PLC ORD 22 6/67P,GBX,854.19,671,-4.5,-0.67%
SN.,SMITH & NEPHEW PLC ORD USD0.20,GBX,"11,357.74","1,329.00",-7.5,-0.56%
SNR,SENIOR PLC ORD 10P,GBX,"1,090.49",257,-3,-1.15%
SNWS,SMITHS NEWS PLC ORD 5P,GBX,177.32,69,-2.6,-3.63%
SOHO,SOCIAL HOUSING REIT PLC ORD 1P,GBX,304.54,77.8,0.4,0.52%
SOI,SCHRODER ORIENTAL INCOME FUND LD ORD 1P,GBX,891.58,390.5,-4,-1.01%
SPI,SPIRE HEALTHCARE GROUP PLC ORD 1P,GBX,805.52,198.6,-1.4,-0.70%
SPX,SPIRAX GROUP PLC ORD 26 12/13P,GBX,"5,824.62","7,860.00",-35,-0.44%
SRE,SIRIUS REAL ESTATE LD ORD NPV,GBX,"1,709.40",108.2,0.6,0.56%
SREI,SCHRODER REAL ESTATE INV. TST. LD ORD SHS NPV,GBX,267.54,54.8,0.1,0.18%
SRP,SERCO GROUP PLC ORD 2P,GBX,"2,996.21",297.6,-1.2,-0.40%
SSE,SSE PLC ORD 50P,GBX,"31,430.91","2,591.00",-2,-0.08%
SSIT,SERAPHIM SPACE INVESTMENT TRUST PLC ORD GBP0.01,GBX,355.8,157,7,4.67%
SSPG,SSP GROUP PLC ORD 1 17/200P,GBX,"1,580.05",198.4,-2.6,-1.29%
SST,SCOTTISH ORIENTAL SMLR CO TST PLC ORD 5P,GBX,310.38,277,2,0.73%
STAN,STANDARD CHARTERED PLC ORD USD0.50,GBX,"40,614.25","1,826.00",24,1.33%
STB,SECURE TRUST BANK PLC ORD 40P,GBX,291.27,"1,530.00",5,0.33%
STEM,STHREE PLC ORD 1P,GBX,220.05,175,2.6,1.51%
STJ,ST.JAMES'S PLACE PLC ORD 15P,GBX,"6,768.81","1,298.00",14,1.09%
STS,STS GLOBAL INCOME & GROWTH TST PLC RED ORDS 1P,GBX,275.17,238,-1,-0.42%
STVG,STV GROUP PLC ORD 50P,GBX,52.8,111.5,-1.5,-1.33%
SUPR,SUPERMARKET INCOME REIT PLC ORD GBP0.01,GBX,"1,080.49",86.8,0.1,0.12%
SUS,S & U PLC ORD 12 1/2P,GBX,283.11,"2,340.00",10,0.43%
SVS,SAVILLS PLC ORD 2.5P,GBX,"1,467.03","1,006.00",2,0.20%
SVT,SEVERN TRENT PLC ORD 97 17/19P,GBX,"9,460.18","3,129.00",-13,-0.41%
SWEF,STARWOOD EUROPEAN REAL EST FIN LD ORD NPV,GBX,21.12,96,5,5.50%
SYNC,SYNCONA LIMITED ORD NPV,GBX,602.11,99,-,-
SYNT,SYNTHOMER PLC ORD 1P,GBX,33.12,20.1,-0.15,-0.74%
TATE,TATE & LYLE PLC ORD 29 1/6P,GBX,"1,785.35",396.4,-4.4,-1.10%
TBCG,TBC BANK GROUP PLC ORD GBP0.01,GBX,"2,599.65","4,765.00",100,2.14%
TBTG,THE BEAUTY TECH GROUP PLC ORD GBP0.10,GBX,337.64,304,-1,-0.33%
TCAP,TP ICAP GROUP PLC ORD 25P,GBX,"1,973.16",263.5,-1.5,-0.57%
TEM,TEMPLETON EMERGING MARKETS IT PLC ORD 5P,GBX,"2,611.14",275.5,1,0.36%
TEP,TELECOM PLUS PLC ORD 5P,GBX,"1,118.00","1,378.00",-18,-1.29%
TET,TREATT PLC ORD 2P,GBX,126.93,215,-,-
TFIF,TWENTYFOUR INCOME FUND LIMITED ORD RED 1P,GBX,955.08,113,-,-
THG,THG PLC ORD GBP0.005,GBX,577.09,34.74,-0.44,-1.25%
THRG,BLACKROCK THROGMORTON TRUST PLC ORD 5P,GBX,499.72,660,-6,-0.90%
THRL,TARGET HEALTHCARE REIT PLC ORD 1P,GBX,657.45,106,-,-
TLW,TULLOW OIL PLC ORD 10P,GBX,146.17,10.34,0.43,4.34%
TMIP,TAYLOR MARITIME LIMITED ORD NPV,GBX,110.56,61.5,-0.5,-0.81%
TMPL,TEMPLE BAR INV TST PLC ORD 5P,GBX,"1,193.45",403,-0.5,-0.12%
TPK,TRAVIS PERKINS PLC ORD £0.11205105,GBX,"1,472.69",704.5,11.5,1.66%
TPT,TOPPS TILES PLC ORD 3 1/3P,GBX,86.17,43.9,-,-
TRI,TRIFAST PLC ORD 5P,GBX,118.42,84,-3,-3.45%
TRIG,THE RENEWABLES INFRASTRUCTURE GROUP ORD NPV,GBX,"1,553.74",65,-,-
TRN,TRAINLINE PLC ORD 1P,GBX,795.12,204.4,-0.2,-0.10%
TRST,TRUSTPILOT GROUP PLC ORD GBP0.01,GBX,553.84,139.9,-1.7,-1.20%
TRY,TR PROPERTY INV TST PLC ORD 25P,GBX,"1,113.90",351,-,-
TSCO,TESCO PLC ORD 6 1/3P,GBX,"31,581.11",494.5,-0.1,-0.02%
TTG,TT ELECTRONICS PLC ORD 25P,GBX,232.24,127,-3,-2.31%
TW.,TAYLOR WIMPEY PLC ORD 1P,GBX,"4,076.45",114.5,-0.45,-0.39%
UEM,UTILICO EMERGING MARKETS TRUST PLC ORD 1P,GBX,521.83,291,-3,-1.02%
UKW,GREENCOAT UK WIND PLC ORD 1P,GBX,"2,025.72",93.8,-0.05,-0.05%
ULVR,UNILEVER PLC ORD 3.5P,GBX,"117,321.14","5,396.00",16,0.30%
USA,BAILLIE GIFFORD US GROWTH TRUST PLC ORD GBP0.01,GBX,788.66,281,-4,-1.40%
UTG,UNITE GROUP PLC ORD 25P,GBX,"3,146.75",578.5,-2,-0.35%
UU.,UNITED UTILITIES GROUP PLC ORD 5P,GBX,"9,144.12","1,333.50",-7.5,-0.56%
VANQ,VANQUIS BANKING GROUP PLC ORD 20 8/11P,GBX,332.93,128.6,-1.2,-0.92%
VCT,VICTREX PLC ORD 1P,GBX,600.8,678,-12,-1.74%
VEIL,VIETNAM ENTERPRISE INVESTMENTS LIMI ORD USD0.01 (DI),GBX,"1,164.72",829,10,1.22%
VID,VIDENDUM PLC ORD 20P,GBX,13.47,12.85,-0.15,-1.15%
VIP,VALUE AND INDEXED PROP INC TRUST ORD 10P,GBX,81.73,201.75,-,-
VNH,VIETNAM HOLDING LD ORD USD1,GBX,75.53,394,-0.5,-0.13%
VOD,VODAFONE GROUP PLC ORD USD0.20 20/21,GBX,"26,756.63",115.75,0.25,0.22%
VOF,VINACAPITAL VIETNAM OPP. FUND LD ORD $0.01,GBX,599.61,484,6,1.26%
VP.,VP PLC ORD 5P,GBX,196.96,506,15.5,3.16%
VSVS,VESUVIUS PLC ORD 10P,GBX,"1,216.54",485.4,-4.8,-0.98%
VTY,VISTRY GROUP PLC ORD 50P,GBX,"2,284.98",717.6,1.6,0.22%
WEIR,WEIR GROUP PLC ORD 12.5P,GBX,"9,003.35","3,472.00",4,0.12%
WIX,WICKES GROUP PLC ORD GBP0.10,GBX,573.59,248.5,2,0.81%
WIZZ,WIZZ AIR HOLDINGS PLC. ORD GBP0.0001,GBX,"1,365.39","1,308.00",-12,-0.91%
WKP,WORKSPACE GROUP PLC ORD GBP1,GBX,808.68,420,-0.5,-0.12%
WOSG,WATCHES OF SWITZERLAND GROUP PLC ORD GBP0.0125,GBX,"1,180.51",518,12,2.37%
WPP,WPP PLC ORD 10P,GBX,"2,993.68",277.2,-0.3,-0.11%
WTB,WHITBREAD PLC ORD 76 122/153P,GBX,"4,584.67","2,695.00",-35,-1.28%
WWH,WORLDWIDE HEALTHCARE TRUST PLC ORD 2.5P,GBX,"1,362.53",357.5,-,-
XAR,XAAR PLC ORD 10P,GBX,96.98,121.5,-,-
XPP,XP POWER LD ORD 1P (DI),GBX,387.4,"1,380.00",-2,-0.15%
XPS,XPS PENSIONS GROUP PLC ORD GBP0.0005,GBX,656.32,313.5,-1.5,-0.48%
ZIG,ZIGUP PLC ORD 50P,GBX,914.21,398.5,-1,-0.25%
ZTF,ZOTEFOAMS PLC ORD 5P,GBX,207.82,422,-,-
